-- phpMyAdmin SQL Dump
-- version 4.9.5deb2
-- https://www.phpmyadmin.net/
--
-- Host: localhost:3306
-- Generation Time: Jul 02, 2020 at 02:35 PM
-- Server version: 8.0.20-0ubuntu0.20.04.1
-- PHP Version: 7.4.3

SET SQL_MODE = "NO_AUTO_VALUE_ON_ZERO";
SET AUTOCOMMIT = 0;
START TRANSACTION;
SET time_zone = "+00:00";


/*!40101 SET @OLD_CHARACTER_SET_CLIENT=@@CHARACTER_SET_CLIENT */;
/*!40101 SET @OLD_CHARACTER_SET_RESULTS=@@CHARACTER_SET_RESULTS */;
/*!40101 SET @OLD_COLLATION_CONNECTION=@@COLLATION_CONNECTION */;
/*!40101 SET NAMES utf8mb4 */;

--
-- Database: `laravel_api`
--

-- --------------------------------------------------------

--
-- Table structure for table `failed_jobs`
--

CREATE TABLE `failed_jobs` (
  `id` bigint UNSIGNED NOT NULL,
  `connection` text COLLATE utf8mb4_unicode_ci NOT NULL,
  `queue` text COLLATE utf8mb4_unicode_ci NOT NULL,
  `payload` longtext COLLATE utf8mb4_unicode_ci NOT NULL,
  `exception` longtext COLLATE utf8mb4_unicode_ci NOT NULL,
  `failed_at` timestamp NOT NULL DEFAULT CURRENT_TIMESTAMP
) ENGINE=InnoDB DEFAULT CHARSET=utf8mb4 COLLATE=utf8mb4_unicode_ci;

-- --------------------------------------------------------

--
-- Table structure for table `migrations`
--

CREATE TABLE `migrations` (
  `id` int UNSIGNED NOT NULL,
  `migration` varchar(255) COLLATE utf8mb4_unicode_ci NOT NULL,
  `batch` int NOT NULL
) ENGINE=InnoDB DEFAULT CHARSET=utf8mb4 COLLATE=utf8mb4_unicode_ci;

--
-- Dumping data for table `migrations`
--

INSERT INTO `migrations` (`id`, `migration`, `batch`) VALUES
(111, '2014_10_12_000000_create_users_table', 1),
(112, '2014_10_12_100000_create_password_resets_table', 1),
(113, '2016_06_01_000001_create_oauth_auth_codes_table', 1),
(114, '2016_06_01_000002_create_oauth_access_tokens_table', 1),
(115, '2016_06_01_000003_create_oauth_refresh_tokens_table', 1),
(116, '2016_06_01_000004_create_oauth_clients_table', 1),
(117, '2016_06_01_000005_create_oauth_personal_access_clients_table', 1),
(118, '2019_08_19_000000_create_failed_jobs_table', 1),
(119, '2020_06_30_170309_create_products_table', 1),
(120, '2020_06_30_170512_create_reviews_table', 1);

-- --------------------------------------------------------

--
-- Table structure for table `oauth_access_tokens`
--

CREATE TABLE `oauth_access_tokens` (
  `id` varchar(100) COLLATE utf8mb4_unicode_ci NOT NULL,
  `user_id` bigint UNSIGNED DEFAULT NULL,
  `client_id` bigint UNSIGNED NOT NULL,
  `name` varchar(255) COLLATE utf8mb4_unicode_ci DEFAULT NULL,
  `scopes` text COLLATE utf8mb4_unicode_ci,
  `revoked` tinyint(1) NOT NULL,
  `created_at` timestamp NULL DEFAULT NULL,
  `updated_at` timestamp NULL DEFAULT NULL,
  `expires_at` datetime DEFAULT NULL
) ENGINE=InnoDB DEFAULT CHARSET=utf8mb4 COLLATE=utf8mb4_unicode_ci;

-- --------------------------------------------------------

--
-- Table structure for table `oauth_auth_codes`
--

CREATE TABLE `oauth_auth_codes` (
  `id` varchar(100) COLLATE utf8mb4_unicode_ci NOT NULL,
  `user_id` bigint UNSIGNED NOT NULL,
  `client_id` bigint UNSIGNED NOT NULL,
  `scopes` text COLLATE utf8mb4_unicode_ci,
  `revoked` tinyint(1) NOT NULL,
  `expires_at` datetime DEFAULT NULL
) ENGINE=InnoDB DEFAULT CHARSET=utf8mb4 COLLATE=utf8mb4_unicode_ci;

-- --------------------------------------------------------

--
-- Table structure for table `oauth_clients`
--

CREATE TABLE `oauth_clients` (
  `id` bigint UNSIGNED NOT NULL,
  `user_id` bigint UNSIGNED DEFAULT NULL,
  `name` varchar(255) COLLATE utf8mb4_unicode_ci NOT NULL,
  `secret` varchar(100) COLLATE utf8mb4_unicode_ci DEFAULT NULL,
  `provider` varchar(255) COLLATE utf8mb4_unicode_ci DEFAULT NULL,
  `redirect` text COLLATE utf8mb4_unicode_ci NOT NULL,
  `personal_access_client` tinyint(1) NOT NULL,
  `password_client` tinyint(1) NOT NULL,
  `revoked` tinyint(1) NOT NULL,
  `created_at` timestamp NULL DEFAULT NULL,
  `updated_at` timestamp NULL DEFAULT NULL
) ENGINE=InnoDB DEFAULT CHARSET=utf8mb4 COLLATE=utf8mb4_unicode_ci;

-- --------------------------------------------------------

--
-- Table structure for table `oauth_personal_access_clients`
--

CREATE TABLE `oauth_personal_access_clients` (
  `id` bigint UNSIGNED NOT NULL,
  `client_id` bigint UNSIGNED NOT NULL,
  `created_at` timestamp NULL DEFAULT NULL,
  `updated_at` timestamp NULL DEFAULT NULL
) ENGINE=InnoDB DEFAULT CHARSET=utf8mb4 COLLATE=utf8mb4_unicode_ci;

-- --------------------------------------------------------

--
-- Table structure for table `oauth_refresh_tokens`
--

CREATE TABLE `oauth_refresh_tokens` (
  `id` varchar(100) COLLATE utf8mb4_unicode_ci NOT NULL,
  `access_token_id` varchar(100) COLLATE utf8mb4_unicode_ci NOT NULL,
  `revoked` tinyint(1) NOT NULL,
  `expires_at` datetime DEFAULT NULL
) ENGINE=InnoDB DEFAULT CHARSET=utf8mb4 COLLATE=utf8mb4_unicode_ci;

-- --------------------------------------------------------

--
-- Table structure for table `password_resets`
--

CREATE TABLE `password_resets` (
  `email` varchar(255) COLLATE utf8mb4_unicode_ci NOT NULL,
  `token` varchar(255) COLLATE utf8mb4_unicode_ci NOT NULL,
  `created_at` timestamp NULL DEFAULT NULL
) ENGINE=InnoDB DEFAULT CHARSET=utf8mb4 COLLATE=utf8mb4_unicode_ci;

-- --------------------------------------------------------

--
-- Table structure for table `products`
--

CREATE TABLE `products` (
  `id` bigint UNSIGNED NOT NULL,
  `name` varchar(255) COLLATE utf8mb4_unicode_ci NOT NULL,
  `detail` text COLLATE utf8mb4_unicode_ci NOT NULL,
  `price` int NOT NULL,
  `stock` int NOT NULL,
  `discount` int NOT NULL,
  `created_at` timestamp NULL DEFAULT NULL,
  `updated_at` timestamp NULL DEFAULT NULL
) ENGINE=InnoDB DEFAULT CHARSET=utf8mb4 COLLATE=utf8mb4_unicode_ci;

--
-- Dumping data for table `products`
--

INSERT INTO `products` (`id`, `name`, `detail`, `price`, `stock`, `discount`, `created_at`, `updated_at`) VALUES
(1, 'non', 'Officiis nihil aut sed explicabo aliquid. Commodi ipsam rerum possimus excepturi sed cum. Inventore quam dolore repudiandae ullam vel non cupiditate. Eos minus repellat maiores sequi ab consequuntur libero. Distinctio rerum quo aut quidem sunt amet sed.', 880, 9, 18, '2020-07-02 03:30:20', '2020-07-02 03:30:20'),
(2, 'nisi', 'Velit similique sed inventore et cum tempore fuga. Perferendis vel aperiam excepturi ullam esse est alias dolor. Quasi beatae eligendi similique sit blanditiis.', 643, 3, 7, '2020-07-02 03:30:21', '2020-07-02 03:30:21'),
(3, 'aperiam', 'Totam aperiam eum consequuntur velit quod qui repudiandae. Corporis sunt perspiciatis aut repellat vitae sint. Molestiae voluptate architecto voluptates et assumenda exercitationem similique.', 880, 5, 21, '2020-07-02 03:30:21', '2020-07-02 03:30:21'),
(4, 'et', 'Deleniti commodi sint vero at. Natus sapiente aut tenetur ut corrupti. Libero est ut aspernatur ut accusantium. Recusandae nemo alias tempore consequuntur dolor nesciunt consequuntur laborum. Ipsa beatae beatae aperiam est necessitatibus minima.', 564, 1, 29, '2020-07-02 03:30:21', '2020-07-02 03:30:21'),
(5, 'sint', 'Optio accusantium dolorem sint voluptas consectetur repudiandae. Ut enim in veritatis deleniti eaque. Fugiat est iure non dolor ratione iusto. Error eum cumque quisquam dolores ducimus expedita sint. Quasi unde nesciunt laboriosam beatae a et dicta.', 409, 1, 25, '2020-07-02 03:30:22', '2020-07-02 03:30:22'),
(6, 'beatae', 'Molestiae vitae doloribus fugiat qui alias et. Iusto exercitationem assumenda neque molestias dolor quia quis perferendis. Qui fugit quia et odit beatae quisquam ut. Eos quia ducimus voluptatum ab.', 235, 9, 19, '2020-07-02 03:30:22', '2020-07-02 03:30:22'),
(7, 'ullam', 'Quibusdam quae perferendis aut porro sed pariatur eos. Quo nobis corporis itaque repudiandae quo voluptatibus molestias. Officia dolore dolorem natus id. Rerum fuga quo omnis ut.', 695, 0, 10, '2020-07-02 03:30:22', '2020-07-02 03:30:22'),
(8, 'et', 'Ipsam maxime nihil architecto hic. Sit magnam qui qui autem qui qui magnam. Unde architecto quis consequatur amet sint error voluptas. Est aliquid quo qui sint distinctio aut. A veniam atque facilis est.', 855, 4, 2, '2020-07-02 03:30:22', '2020-07-02 03:30:22'),
(9, 'nobis', 'Accusantium provident nobis ab facere architecto corporis. Illum omnis est et consequuntur sit molestiae illo. Dolor asperiores nobis tenetur quo rem quia.', 746, 6, 8, '2020-07-02 03:30:23', '2020-07-02 03:30:23'),
(10, 'veniam', 'Non et quae est quo commodi explicabo autem. Et aliquam laboriosam rem. Sint dolore adipisci quo molestias. Autem numquam sunt aperiam.', 108, 2, 4, '2020-07-02 03:30:23', '2020-07-02 03:30:23'),
(11, 'illum', 'Dolorem vero aut nisi doloremque harum error rem. Enim nobis recusandae consequatur esse consequatur quis. Voluptas dolores molestias aut provident ab vitae aut. Est assumenda provident consequatur est accusamus.', 118, 7, 8, '2020-07-02 03:30:24', '2020-07-02 03:30:24'),
(12, 'iure', 'Voluptas rerum eveniet in omnis asperiores. Sint ratione similique quos voluptatem. Autem quia et ut laudantium eligendi reiciendis commodi quod.', 846, 3, 30, '2020-07-02 03:30:24', '2020-07-02 03:30:24'),
(13, 'iusto', 'Perspiciatis optio quis qui voluptatem odio voluptates. Odit asperiores aut delectus non qui. Ut provident ex explicabo.', 193, 1, 10, '2020-07-02 03:30:24', '2020-07-02 03:30:24'),
(14, 'quasi', 'Error vero mollitia suscipit commodi error facilis in. Ut aut et aut. Maiores quasi dolores soluta excepturi sit debitis eligendi. Temporibus pariatur non eum. Blanditiis earum error aut eaque cupiditate.', 548, 6, 20, '2020-07-02 03:30:24', '2020-07-02 03:30:24'),
(15, 'sint', 'Consequuntur possimus esse earum adipisci totam. Ut quo porro laboriosam quo illum ut necessitatibus. Aut ea non porro quisquam quo veritatis quaerat. Architecto recusandae est voluptatem molestiae est est.', 666, 8, 2, '2020-07-02 03:30:25', '2020-07-02 03:30:25'),
(16, 'ipsum', 'Et repudiandae minima dicta labore et. Et facere pariatur unde et veritatis eligendi. Rerum quia saepe quis minima omnis distinctio.', 258, 0, 26, '2020-07-02 03:30:25', '2020-07-02 03:30:25'),
(17, 'non', 'Necessitatibus libero consequatur et voluptatum illum reprehenderit maiores. Esse dolores incidunt earum nisi illum reprehenderit. Aut deserunt ut consequatur voluptatem eos ipsa voluptas.', 648, 8, 10, '2020-07-02 03:30:25', '2020-07-02 03:30:25'),
(18, 'enim', 'Similique nobis reiciendis occaecati modi. Consequatur eos ex aut consequatur atque omnis. Voluptates enim eum quas vero. Similique autem eum tempora aut.', 549, 2, 15, '2020-07-02 03:30:26', '2020-07-02 03:30:26'),
(19, 'ea', 'Temporibus mollitia itaque tempore quibusdam aut illum veniam sit. Ut quia velit reprehenderit ut. Ut et et eos. Inventore omnis harum maiores consequatur. Ut iure eum mollitia hic aliquam.', 373, 5, 21, '2020-07-02 03:30:26', '2020-07-02 03:30:26'),
(20, 'quasi', 'Cum cupiditate expedita vel aut. Repudiandae voluptas nesciunt eum. Repellendus nisi iure laborum iste laudantium voluptate ad error.', 233, 4, 9, '2020-07-02 03:30:26', '2020-07-02 03:30:26'),
(21, 'dignissimos', 'Id ut quia mollitia ut quos dignissimos et inventore. Expedita laudantium facere quia sit voluptatem. Molestiae quia numquam aliquam labore.', 728, 6, 10, '2020-07-02 03:30:26', '2020-07-02 03:30:26'),
(22, 'vero', 'Nobis ab fugit et quia. Aut porro ut maxime nihil. Labore qui et suscipit quo. Harum nobis occaecati incidunt voluptatem.', 471, 0, 16, '2020-07-02 03:30:27', '2020-07-02 03:30:27'),
(23, 'deserunt', 'Qui praesentium sint explicabo nisi iste debitis sint. Ut et dicta ipsam voluptatem autem eos. Quia repudiandae rerum ut eos placeat. Odit corrupti quis eveniet error quae molestiae est. Dolor eum qui laboriosam libero at ut.', 600, 8, 10, '2020-07-02 03:30:27', '2020-07-02 03:30:27'),
(24, 'voluptatem', 'Voluptates deserunt magnam laboriosam inventore. Ducimus necessitatibus mollitia nisi voluptatum provident inventore. Quos aut est ut aperiam. Laborum ullam unde sint. Saepe adipisci nam ullam fuga beatae.', 332, 7, 18, '2020-07-02 03:30:27', '2020-07-02 03:30:27'),
(25, 'quia', 'Veniam nesciunt nisi eos illum officia molestiae et necessitatibus. Rerum sunt et neque consequuntur. Est cumque sed quam voluptas. Consequatur in quis architecto temporibus et quaerat.', 737, 9, 20, '2020-07-02 03:30:27', '2020-07-02 03:30:27'),
(26, 'fuga', 'Ipsa exercitationem consequatur sed incidunt sit soluta. Amet voluptates pariatur et reiciendis sunt beatae occaecati. Nihil perspiciatis et ipsa aliquid est. Fuga eum excepturi iusto quibusdam accusantium corporis. Sit sunt velit assumenda aut nostrum.', 361, 6, 29, '2020-07-02 03:30:28', '2020-07-02 03:30:28'),
(27, 'recusandae', 'Magni aspernatur et nam dolorum molestiae quia. Eum et ut est consequuntur quis omnis. Adipisci eveniet fugiat accusantium et.', 935, 8, 16, '2020-07-02 03:30:28', '2020-07-02 03:30:28'),
(28, 'rem', 'Qui aliquam temporibus consequuntur. Id iste tempora voluptatem debitis nam. Assumenda dolor qui tempora est. Incidunt eos aliquam alias reprehenderit eaque voluptatibus temporibus officia.', 594, 7, 12, '2020-07-02 03:30:29', '2020-07-02 03:30:29'),
(29, 'iure', 'Dolores qui odio est voluptatibus sit. Laborum ab et et quod. Voluptatem eaque impedit voluptatem veritatis.', 371, 1, 27, '2020-07-02 03:30:29', '2020-07-02 03:30:29'),
(30, 'commodi', 'Veritatis et dolor neque blanditiis. Sequi vel eius magni maiores. Voluptatibus perferendis id aperiam facilis id et soluta. Iusto adipisci tenetur neque minima. Voluptas nihil excepturi eius voluptas tenetur corporis.', 790, 6, 29, '2020-07-02 03:30:30', '2020-07-02 03:30:30'),
(31, 'ut', 'Minus at nam rerum consequatur. Est et exercitationem corporis et amet. Quo dolores voluptatem omnis. Ut porro adipisci veniam nemo culpa.', 461, 0, 23, '2020-07-02 03:30:30', '2020-07-02 03:30:30'),
(32, 'ab', 'Natus qui quo fugiat quod accusantium sint atque qui. Est sit optio deserunt nobis. Fugiat quas iste voluptatibus maxime. Soluta expedita quos eum.', 693, 9, 14, '2020-07-02 03:30:30', '2020-07-02 03:30:30'),
(33, 'officiis', 'Nihil eveniet minima porro. Magnam quibusdam molestiae aut magni. Qui id eius sunt nesciunt sunt cupiditate.', 515, 2, 4, '2020-07-02 03:30:30', '2020-07-02 03:30:30'),
(34, 'et', 'Molestiae rem corrupti deleniti. Consequatur quidem et id ipsa. Consequatur nihil vel voluptatem maiores animi.', 903, 9, 15, '2020-07-02 03:30:30', '2020-07-02 03:30:30'),
(35, 'enim', 'Beatae quod excepturi non laborum atque tempora. Quia aut vero atque quae eos eum omnis. Deleniti consectetur inventore ex et. Aliquam sit atque pariatur rerum rerum.', 574, 8, 6, '2020-07-02 03:30:31', '2020-07-02 03:30:31'),
(36, 'nam', 'Exercitationem nobis deserunt aut odit rerum et ducimus. Delectus maiores nihil pariatur veniam. Nemo aut modi illum iusto nisi voluptatem eligendi.', 969, 0, 15, '2020-07-02 03:30:31', '2020-07-02 03:30:31'),
(37, 'aut', 'Velit nesciunt repudiandae et tempora sed excepturi. Eos quis est explicabo. Ipsum autem sint laborum est. Sequi magnam aut quia.', 298, 2, 6, '2020-07-02 03:30:31', '2020-07-02 03:30:31'),
(38, 'eius', 'Temporibus ad eius recusandae delectus sed. Quia molestias ratione perferendis ad ipsam voluptas iusto. Sed odio qui quo sit.', 684, 4, 16, '2020-07-02 03:30:31', '2020-07-02 03:30:31'),
(39, 'rerum', 'Placeat in voluptates molestias dolorem ut. Magni aliquam est fugiat rerum quo est cumque. Id sunt id in corporis quo ratione. Atque itaque aut adipisci.', 459, 2, 2, '2020-07-02 03:30:32', '2020-07-02 03:30:32'),
(40, 'ad', 'Voluptates est a distinctio harum maxime praesentium. Odit odio ducimus possimus. Eius et doloremque voluptate et voluptatem quisquam tenetur.', 155, 8, 26, '2020-07-02 03:30:33', '2020-07-02 03:30:33'),
(41, 'quis', 'Debitis rerum unde suscipit voluptatem sed dignissimos laboriosam sunt. In eos doloremque fuga similique ea a sit. Natus nihil tenetur delectus voluptas doloremque.', 921, 3, 9, '2020-07-02 03:30:34', '2020-07-02 03:30:34'),
(42, 'ipsa', 'Atque aut dolor molestias deleniti. Atque sint dolores ex mollitia esse in ea nihil. Porro et error vitae ipsa commodi rerum.', 774, 4, 16, '2020-07-02 03:30:35', '2020-07-02 03:30:35'),
(43, 'quis', 'Aut illum doloremque sunt illum nostrum atque. Sit necessitatibus excepturi optio esse. Et quos enim id accusantium debitis. Excepturi eum alias ut ipsum.', 736, 2, 17, '2020-07-02 03:30:37', '2020-07-02 03:30:37'),
(44, 'laudantium', 'Labore consectetur doloremque placeat eum sint fugiat aut voluptatem. Voluptates voluptatem non eligendi ducimus ipsam eius. Vel eos et quae cupiditate recusandae. Officia ratione nobis sit et.', 349, 8, 4, '2020-07-02 03:30:37', '2020-07-02 03:30:37'),
(45, 'totam', 'Asperiores at commodi suscipit dolore. Quo cum aut eum eaque maxime eum assumenda. Magnam possimus aut quam mollitia ex vel.', 983, 4, 30, '2020-07-02 03:30:38', '2020-07-02 03:30:38'),
(46, 'aut', 'Repellat quo ipsam expedita. Perspiciatis tempore et dignissimos laboriosam ipsam ut omnis ipsum. Voluptatum distinctio qui repellendus perspiciatis. Quisquam alias molestiae enim voluptatem sed delectus adipisci.', 659, 3, 8, '2020-07-02 03:30:38', '2020-07-02 03:30:38'),
(47, 'error', 'Voluptatem recusandae ut explicabo aut alias. Maxime nesciunt accusantium ut consequuntur.', 903, 8, 8, '2020-07-02 03:30:39', '2020-07-02 03:30:39'),
(48, 'harum', 'Nemo aperiam molestiae aut modi voluptates saepe deserunt non. Est nemo qui et illum dolores quasi corrupti. Delectus aperiam nostrum provident et eum distinctio.', 162, 8, 16, '2020-07-02 03:30:39', '2020-07-02 03:30:39'),
(49, 'assumenda', 'Officiis pariatur ea aut corrupti eveniet nesciunt dignissimos. Ipsum nesciunt praesentium suscipit ea. Dolorum porro nihil consequatur.', 143, 1, 30, '2020-07-02 03:30:39', '2020-07-02 03:30:39'),
(50, 'qui', 'Voluptatum facere voluptatibus saepe placeat officia qui dicta. Ducimus porro officia laudantium dolorem error et autem itaque. Et facilis est quae temporibus.', 894, 5, 3, '2020-07-02 03:30:39', '2020-07-02 03:30:39');

-- --------------------------------------------------------

--
-- Table structure for table `reviews`
--

CREATE TABLE `reviews` (
  `id` bigint UNSIGNED NOT NULL,
  `product_id` bigint UNSIGNED NOT NULL,
  `customer` varchar(255) COLLATE utf8mb4_unicode_ci NOT NULL,
  `review` text COLLATE utf8mb4_unicode_ci NOT NULL,
  `star` int NOT NULL,
  `created_at` timestamp NULL DEFAULT NULL,
  `updated_at` timestamp NULL DEFAULT NULL
) ENGINE=InnoDB DEFAULT CHARSET=utf8mb4 COLLATE=utf8mb4_unicode_ci;

--
-- Dumping data for table `reviews`
--

INSERT INTO `reviews` (`id`, `product_id`, `customer`, `review`, `star`, `created_at`, `updated_at`) VALUES
(1, 15, 'Mr. Dangelo Oberbrunner', 'Esse debitis animi architecto non nisi neque et. Voluptatem maxime a nisi et nihil voluptates officiis quia. Sunt cupiditate amet et autem voluptatibus. Quo deleniti dolores quia quia voluptas et facere.', 1, '2020-07-02 03:30:40', '2020-07-02 03:30:40'),
(2, 6, 'Dr. Jamel Hudson', 'Asperiores voluptas distinctio architecto voluptatem corporis repellat numquam. Beatae ut maiores pariatur ut quae sed.', 1, '2020-07-02 03:30:40', '2020-07-02 03:30:40'),
(3, 15, 'Ms. Amiya Daugherty', 'Laudantium ratione aspernatur explicabo et. Magnam ut iste harum illum consectetur alias. Totam adipisci asperiores quam tempora eum sit quas.', 2, '2020-07-02 03:30:41', '2020-07-02 03:30:41'),
(4, 45, 'Mrs. Lacey Spinka', 'Rem qui quia quod. Ad molestiae sequi nam reprehenderit voluptates officia cum eum. Et iusto facere est enim veniam iusto quia. Quaerat asperiores omnis in ipsa deleniti.', 5, '2020-07-02 03:30:41', '2020-07-02 03:30:41'),
(5, 43, 'Judy Schowalter IV', 'Nemo soluta recusandae eum placeat. Aut quia non laboriosam sit voluptatum suscipit rerum. Animi sequi quaerat quidem tempore. Qui dolores officia quis beatae. Error nemo non et nihil non.', 4, '2020-07-02 03:30:41', '2020-07-02 03:30:41'),
(6, 2, 'Carmine Herman', 'Voluptatem libero voluptatem sunt repellendus et. Odit unde et eos in. Et corporis culpa soluta accusamus eveniet odit suscipit assumenda. Quia delectus et molestiae sed et laborum.', 2, '2020-07-02 03:30:42', '2020-07-02 03:30:42'),
(7, 11, 'Dr. Emie Howe II', 'Id vitae voluptatum enim dolorem quidem. Qui alias cum quae sapiente distinctio. Soluta voluptas atque sit id accusamus. Ipsam laudantium et fugit accusantium.', 3, '2020-07-02 03:30:42', '2020-07-02 03:30:42'),
(8, 4, 'Abigail Ankunding', 'Atque accusantium recusandae culpa esse vel incidunt. Quia consectetur nam consequatur voluptate. Quibusdam quod temporibus dolore dicta animi.', 1, '2020-07-02 03:30:42', '2020-07-02 03:30:42'),
(9, 42, 'Prof. Gust Gaylord', 'Officiis sapiente hic et. Tempora et voluptatem mollitia molestias qui. Voluptatem ut natus blanditiis accusamus quia et praesentium. Accusamus perspiciatis dolores voluptatem aliquid magni ullam similique. Quasi vero et repellendus omnis facere saepe.', 0, '2020-07-02 03:30:42', '2020-07-02 03:30:42'),
(10, 28, 'Walton Rogahn', 'Sequi voluptatem dolor sunt ut veniam earum. Nisi eius est nihil voluptatem modi debitis. Et delectus voluptatum nemo odio quaerat. Et veniam dolor in saepe nobis.', 0, '2020-07-02 03:30:42', '2020-07-02 03:30:42'),
(11, 35, 'Jasmin Keeling IV', 'Pariatur vel commodi velit excepturi et excepturi exercitationem accusamus. Itaque culpa enim quia repellendus. Nesciunt dolorem ipsa fugiat sapiente. Non illum porro accusamus aut perferendis provident exercitationem.', 0, '2020-07-02 03:30:43', '2020-07-02 03:30:43'),
(12, 49, 'Caterina Daugherty', 'Ratione illo est nostrum aliquam vel ipsa quas. Iste repudiandae harum aut alias autem ut. Deleniti cum reprehenderit delectus consequuntur repudiandae blanditiis aut voluptatibus. Consectetur similique quis saepe facere excepturi.', 0, '2020-07-02 03:30:43', '2020-07-02 03:30:43'),
(13, 32, 'Ocie Casper', 'Natus ut minus minima ratione mollitia maxime. Omnis blanditiis reprehenderit recusandae impedit dolorem dicta.', 2, '2020-07-02 03:30:43', '2020-07-02 03:30:43'),
(14, 40, 'Alaina Jacobs MD', 'Consequatur doloremque ipsa amet voluptas. Alias hic nemo occaecati. Cum a cupiditate veniam qui rerum error. Dolores voluptate et molestiae molestiae quis voluptatem.', 2, '2020-07-02 03:30:44', '2020-07-02 03:30:44'),
(15, 26, 'Joany Connelly', 'Deserunt eum ratione laboriosam quaerat non sit. Magni dicta qui aut sint. Praesentium dolore ad rerum eum odit commodi exercitationem.', 1, '2020-07-02 03:30:44', '2020-07-02 03:30:44'),
(16, 5, 'Dr. Jeanie Schoen', 'Cum velit repellat aut dolores atque. Unde velit similique beatae veniam dolores. Cum sunt culpa vero eligendi ut.', 0, '2020-07-02 03:30:44', '2020-07-02 03:30:44'),
(17, 47, 'Prof. Kennedy Gottlieb MD', 'Sint qui est unde aut labore. Veritatis accusantium saepe officia harum. Exercitationem velit earum molestiae nesciunt veritatis molestiae eveniet.', 1, '2020-07-02 03:30:45', '2020-07-02 03:30:45'),
(18, 44, 'Ernestina Howell', 'Voluptate eum excepturi similique molestiae ex omnis assumenda. Architecto rem quia placeat ratione veritatis voluptatem at. Voluptatum repudiandae esse numquam totam.', 1, '2020-07-02 03:30:45', '2020-07-02 03:30:45'),
(19, 7, 'Josephine Anderson', 'Dignissimos debitis nostrum itaque voluptatem ea tempore eligendi. Quis ut et reprehenderit et dolore. Esse consequatur voluptatem commodi quisquam. Ad maiores ea nemo soluta sed sed est quas.', 0, '2020-07-02 03:30:45', '2020-07-02 03:30:45'),
(20, 39, 'Prof. Barton Grimes', 'Accusamus sit exercitationem rerum. Numquam consequuntur dolor voluptas ex. Est fugiat error consequatur autem ad tenetur. Molestiae hic sed magni occaecati sunt.', 0, '2020-07-02 03:30:45', '2020-07-02 03:30:45'),
(21, 13, 'Lukas Zieme Jr.', 'Est repellat saepe itaque voluptate asperiores omnis voluptatem. Qui vitae amet expedita quo beatae. Cumque consequatur consectetur fuga.', 3, '2020-07-02 03:30:46', '2020-07-02 03:30:46'),
(22, 38, 'Josue Emmerich', 'Praesentium quis sequi nisi nihil voluptas ut velit aut. Rerum rerum non consequatur rerum qui enim saepe. Nobis quia magni voluptate omnis et id et.', 1, '2020-07-02 03:30:46', '2020-07-02 03:30:46'),
(23, 21, 'Mr. Cordelia Sauer', 'Aut commodi suscipit culpa unde voluptatem ex sunt aliquid. Veritatis accusantium blanditiis et quo. Recusandae asperiores culpa voluptas velit eum enim qui.', 4, '2020-07-02 03:30:47', '2020-07-02 03:30:47'),
(24, 37, 'Mallory Kemmer Sr.', 'Asperiores reprehenderit corrupti illum et fugiat quae. Quas pariatur voluptas quos at. Sit non debitis consectetur temporibus velit.', 5, '2020-07-02 03:30:47', '2020-07-02 03:30:47'),
(25, 42, 'Heaven Franecki DVM', 'Atque adipisci ut debitis dolor. Cum minus consectetur omnis natus quisquam consectetur inventore. Saepe eligendi nulla dolorem ut dolores eos. Impedit fugit corrupti non nam nostrum soluta est.', 4, '2020-07-02 03:30:47', '2020-07-02 03:30:47'),
(26, 12, 'Marta Herzog', 'Omnis ut ut quibusdam. Velit numquam consequatur et. Et earum fuga quia molestiae officia debitis id.', 4, '2020-07-02 03:30:47', '2020-07-02 03:30:47'),
(27, 31, 'Kathryn Stracke', 'Eaque optio fugiat enim ea. Laboriosam minima sit quo aut commodi id. Eum veniam et in sed accusamus ipsa ut. Occaecati quos aut est quo ut nostrum.', 3, '2020-07-02 03:30:47', '2020-07-02 03:30:47'),
(28, 9, 'Joyce Lehner', 'Doloremque cumque molestiae est impedit esse quia quo est. Nesciunt voluptatum dolorem odio velit cupiditate quibusdam ea. Dolore voluptas nemo omnis provident enim eaque. Eius dolor quia et. Voluptas hic suscipit et sapiente ea possimus enim.', 3, '2020-07-02 03:30:48', '2020-07-02 03:30:48'),
(29, 44, 'Arlene Bauch', 'Tenetur inventore possimus nostrum ex amet. Eligendi libero aut et aliquam sed. Repellendus recusandae earum dicta eum minima. Asperiores velit recusandae magni consequuntur.', 0, '2020-07-02 03:30:48', '2020-07-02 03:30:48'),
(30, 44, 'Jordi Gutkowski', 'Explicabo dolor voluptatem facilis omnis. Ex architecto voluptas culpa sed occaecati. Magni occaecati numquam quaerat doloremque tempora necessitatibus excepturi.', 4, '2020-07-02 03:30:49', '2020-07-02 03:30:49'),
(31, 23, 'Jaylan Auer', 'Totam amet maxime temporibus at. Repudiandae voluptates voluptatem laudantium culpa molestiae rem. Alias reiciendis dolores odio deserunt.', 4, '2020-07-02 03:30:49', '2020-07-02 03:30:49'),
(32, 11, 'Armani Lang', 'Vel mollitia et at quo voluptas. Necessitatibus in inventore nisi non ab qui. Excepturi vitae qui voluptas vitae et. Voluptates alias voluptatibus animi.', 3, '2020-07-02 03:30:49', '2020-07-02 03:30:49'),
(33, 33, 'Miss Leora Schumm IV', 'Cum et vel placeat id molestiae delectus beatae. Libero libero minima et quisquam temporibus beatae. Optio deleniti facilis eos sapiente placeat.', 0, '2020-07-02 03:30:49', '2020-07-02 03:30:49'),
(34, 12, 'Brennan Turcotte', 'Illum eaque animi omnis placeat ipsam sapiente animi vitae. Doloremque ut totam velit. Magnam necessitatibus maiores soluta error nihil distinctio ut.', 3, '2020-07-02 03:30:50', '2020-07-02 03:30:50'),
(35, 46, 'Mrs. Margaretta Kilback DDS', 'Autem voluptatem non perspiciatis. Sed non suscipit laudantium qui. Culpa blanditiis expedita eos doloremque quia.', 0, '2020-07-02 03:30:51', '2020-07-02 03:30:51'),
(36, 5, 'Mr. Joshua Ankunding II', 'Non dicta libero occaecati quo. Deserunt expedita sapiente dolores illum aliquam laboriosam esse. Aut molestias est et ipsa accusantium nemo eos quae. Et quis eos aspernatur ipsum sit.', 0, '2020-07-02 03:30:51', '2020-07-02 03:30:51'),
(37, 6, 'Ross Rowe', 'Blanditiis illo aut sunt totam harum enim. Minus ut eum occaecati sequi iusto id veniam itaque. Ea consequatur dolores nisi blanditiis eum libero repellendus dolorum.', 5, '2020-07-02 03:30:52', '2020-07-02 03:30:52'),
(38, 8, 'Aletha Brown I', 'Qui eveniet placeat magni. Aut dolor praesentium nostrum id. Sed dicta non rerum non earum dignissimos iure. Qui aut non id optio.', 2, '2020-07-02 03:30:52', '2020-07-02 03:30:52'),
(39, 44, 'Jed Nicolas MD', 'Et dolor consequatur et commodi veniam rerum. Eveniet sequi eaque occaecati reprehenderit mollitia aut. Similique molestias non ut aut voluptatem. Est libero quaerat voluptas est.', 3, '2020-07-02 03:30:52', '2020-07-02 03:30:52'),
(40, 43, 'Cecile Wintheiser', 'Temporibus quidem sit nobis neque molestiae natus tenetur. Consequatur laborum tenetur inventore suscipit voluptatem. Quia ex exercitationem nobis. Quidem ut suscipit quidem vel ut error.', 3, '2020-07-02 03:30:52', '2020-07-02 03:30:52'),
(41, 42, 'Adam Dare', 'Veritatis fugiat rerum non sit dolores id maiores. Non libero soluta quia nihil. Ipsum commodi iste sit labore voluptatem quidem voluptates est.', 0, '2020-07-02 03:30:52', '2020-07-02 03:30:52'),
(42, 50, 'Dr. Esther Toy', 'Nihil ipsa quia vel eligendi non perspiciatis. Qui in est officiis voluptatem nihil. Eligendi veniam eveniet amet sit voluptates nobis qui.', 5, '2020-07-02 03:30:53', '2020-07-02 03:30:53'),
(43, 7, 'Mrs. Eleonore Hills MD', 'Nihil maiores ratione aut veritatis dolore incidunt consequuntur. Nemo quis sequi commodi sed debitis nulla quae possimus. Et dolore adipisci sunt maxime quisquam sunt. Magni asperiores cupiditate ducimus magni eos.', 2, '2020-07-02 03:30:53', '2020-07-02 03:30:53'),
(44, 30, 'Loma Rosenbaum', 'Deleniti ea in aspernatur voluptatem. Itaque ipsa aspernatur reiciendis quae maiores possimus quia. In dignissimos pariatur quos velit fuga nobis. In corrupti qui iure neque ex.', 3, '2020-07-02 03:30:53', '2020-07-02 03:30:53'),
(45, 2, 'Rusty Rempel MD', 'Nihil pariatur ut magni aperiam et. Consequuntur quisquam quos quibusdam et. Voluptas est dolor fugit est aut aspernatur dolorem officia.', 2, '2020-07-02 03:30:53', '2020-07-02 03:30:53'),
(46, 18, 'Dan Bahringer', 'Laborum molestiae quia repellat dignissimos occaecati alias. Dolorum mollitia excepturi possimus. Ut tenetur repellendus quibusdam consectetur. Eius nesciunt nam minus voluptates cupiditate et recusandae.', 5, '2020-07-02 03:30:54', '2020-07-02 03:30:54'),
(47, 15, 'Pearl Boyer', 'Rerum quia est nihil sint. Id alias et consequuntur sint excepturi ut. Voluptas voluptatum et ea. Consequatur voluptatem aspernatur asperiores. Amet eum ad ut odit.', 0, '2020-07-02 03:30:54', '2020-07-02 03:30:54'),
(48, 28, 'Skyla Morar', 'Architecto aperiam sit consequuntur non. Nisi distinctio et qui omnis. Et aut eius provident eius. Molestiae recusandae et quibusdam et animi et explicabo. Et iusto dolorem totam.', 0, '2020-07-02 03:30:54', '2020-07-02 03:30:54'),
(49, 37, 'Euna VonRueden', 'Rerum qui nam et et. Dolores nulla cumque enim consequatur voluptas et aspernatur. Doloremque veniam expedita voluptates odio ea quis. Repellendus optio cum quod alias non.', 2, '2020-07-02 03:30:54', '2020-07-02 03:30:54'),
(50, 44, 'Gene Stehr III', 'Ab laudantium cum autem consequatur. Consectetur qui cum saepe perferendis nisi minus ducimus magnam. Non qui dicta reiciendis inventore sequi sequi. Ut esse consequatur aperiam perspiciatis itaque dolorem vitae veniam.', 1, '2020-07-02 03:30:54', '2020-07-02 03:30:54'),
(51, 38, 'Whitney Heathcote', 'Sunt et id amet odit quaerat. Voluptatibus quia dolores est soluta similique. Sed quos illum enim quis aut sunt.', 5, '2020-07-02 03:30:54', '2020-07-02 03:30:54'),
(52, 19, 'Berneice Botsford MD', 'Molestiae rerum suscipit et quidem. Excepturi ducimus vel alias quasi non. Aut sequi cumque labore autem fugiat impedit neque qui. Tempora incidunt expedita sed inventore molestias maxime.', 5, '2020-07-02 03:30:55', '2020-07-02 03:30:55'),
(53, 46, 'Jonathan Schneider', 'Dolores natus necessitatibus rerum magnam. Saepe quia tempora qui rerum natus tempore magnam. Ratione praesentium qui sint quis.', 2, '2020-07-02 03:30:55', '2020-07-02 03:30:55'),
(54, 34, 'Anita Weissnat', 'Et esse et omnis ut ratione. Numquam quam voluptatem odit voluptatem excepturi quia eaque. Qui consequatur molestiae ea.', 2, '2020-07-02 03:30:55', '2020-07-02 03:30:55'),
(55, 3, 'Yoshiko Cummerata', 'Dolor dignissimos voluptas illum voluptatem. Ex doloribus distinctio et sapiente voluptatem nam. Corrupti perspiciatis voluptate accusantium eius distinctio fugit ipsum modi.', 2, '2020-07-02 03:30:56', '2020-07-02 03:30:56'),
(56, 6, 'Blair Ankunding I', 'Est quidem praesentium et ducimus recusandae rerum ducimus sunt. Et tempore ut dolorum debitis non. Blanditiis totam libero expedita omnis commodi laborum.', 5, '2020-07-02 03:30:57', '2020-07-02 03:30:57'),
(57, 19, 'Daniella Gottlieb', 'Ut provident et rerum qui deserunt. Ipsam assumenda ut est corporis qui blanditiis et magni. Omnis quas explicabo et. Incidunt maxime deleniti ex dolorum dolore quisquam.', 3, '2020-07-02 03:30:57', '2020-07-02 03:30:57'),
(58, 44, 'Mr. Geoffrey Pollich', 'Eveniet fuga non asperiores qui consequatur molestias excepturi. Explicabo dolor ut ipsam molestias harum possimus pariatur consectetur. Fuga tempora nesciunt laudantium ab dolor dicta. Sunt fugit quis doloremque eos veritatis voluptatibus. Aut dolor nisi et amet.', 5, '2020-07-02 03:30:57', '2020-07-02 03:30:57'),
(59, 13, 'Calista Mohr III', 'Repudiandae aliquam quia adipisci maiores. Et rerum repellendus libero quia ea eveniet. Neque sequi pariatur officiis fugiat autem consequatur aut.', 3, '2020-07-02 03:30:57', '2020-07-02 03:30:57'),
(60, 21, 'Prof. Sonia Blanda II', 'Ea sint ut quisquam commodi qui. Iusto ut a quis cum eaque sed qui et. Earum iure architecto quia quia rerum eos aperiam et.', 2, '2020-07-02 03:30:57', '2020-07-02 03:30:57'),
(61, 27, 'Prof. Brenden Daniel', 'Est sunt et pariatur ex in. Eligendi recusandae qui quis praesentium beatae. Nemo recusandae beatae non ut voluptas ullam.', 5, '2020-07-02 03:30:58', '2020-07-02 03:30:58'),
(62, 14, 'Ariane Mitchell', 'Sunt eius quos earum culpa ad. Sint voluptatem id harum dolores quia cum ut. Incidunt ipsum et ullam molestias.', 4, '2020-07-02 03:30:58', '2020-07-02 03:30:58'),
(63, 39, 'Ms. Bulah Ortiz II', 'Quibusdam illum quisquam quo exercitationem magnam. Illum dicta sed aut est rerum quaerat. Facere aut consequatur consequatur maiores non. Quasi excepturi quos sint aliquid quo.', 3, '2020-07-02 03:30:58', '2020-07-02 03:30:58'),
(64, 20, 'Sadye Doyle III', 'Eos quis eos officia ut sequi. Sit sint animi nostrum aut maiores et voluptas. Cum eum velit qui consequatur est ut. In velit maxime aliquam laudantium sit dignissimos at. Id dignissimos sed omnis eos quia accusamus magnam.', 1, '2020-07-02 03:30:59', '2020-07-02 03:30:59'),
(65, 35, 'Yasmeen Lockman', 'Ratione laborum tenetur quis eum error error. Inventore eos velit ut non. Aut non error temporibus quaerat ullam.', 3, '2020-07-02 03:30:59', '2020-07-02 03:30:59'),
(66, 33, 'Heather Rath', 'Qui laudantium sit alias occaecati inventore. Perferendis autem non aliquid unde. Voluptatum quia debitis rerum voluptas quae qui. Reprehenderit occaecati sit repudiandae praesentium laboriosam perspiciatis amet omnis.', 3, '2020-07-02 03:30:59', '2020-07-02 03:30:59'),
(67, 35, 'Christopher Rogahn', 'Excepturi unde nisi at. Impedit error non consequuntur quibusdam voluptas vel. Et sunt nam voluptas similique nemo. Nihil nihil facere consequatur itaque.', 3, '2020-07-02 03:31:00', '2020-07-02 03:31:00'),
(68, 31, 'Kelsi Brakus III', 'Optio sunt inventore molestias ratione ipsum voluptatem. Animi blanditiis et optio quas. Quos omnis eum incidunt quis reiciendis officiis qui dolorum. Alias unde reprehenderit maiores perspiciatis occaecati omnis odio.', 2, '2020-07-02 03:31:00', '2020-07-02 03:31:00'),
(69, 41, 'Dallin Goyette', 'Velit fugiat enim iste quos. At dolorem consequuntur eos distinctio neque ratione quia non. Facilis omnis non velit in quod. Fugiat libero voluptatem rerum perferendis.', 5, '2020-07-02 03:31:00', '2020-07-02 03:31:00'),
(70, 49, 'Gonzalo Stroman', 'Harum a et qui impedit vero aut inventore. Minus accusantium eveniet ut et est sit ad. Et a sed magni dolore molestiae.', 2, '2020-07-02 03:31:01', '2020-07-02 03:31:01'),
(71, 50, 'Leora Grimes', 'Veniam in harum et aut temporibus. Maiores omnis aut eos ducimus.', 5, '2020-07-02 03:31:01', '2020-07-02 03:31:01'),
(72, 8, 'Caden Rohan', 'Consequatur nesciunt perspiciatis quo repellat accusamus est. Autem dolore sint perspiciatis illo adipisci. Repellendus animi temporibus optio voluptas architecto ut.', 0, '2020-07-02 03:31:01', '2020-07-02 03:31:01'),
(73, 17, 'Vance Fay', 'Atque qui aut voluptatem quo similique sit. Hic consectetur labore sunt nostrum quia. Inventore in et sunt a asperiores dolorum ex.', 0, '2020-07-02 03:31:02', '2020-07-02 03:31:02'),
(74, 1, 'Ms. Nicolette Kshlerin', 'Ipsa laborum recusandae doloribus atque. Eligendi sequi laboriosam ut dicta itaque dolores tempore. Quia aut ut ipsa ut omnis. Id quo rerum itaque nobis aliquam fugit error deleniti.', 4, '2020-07-02 03:31:02', '2020-07-02 03:31:02'),
(75, 28, 'Reta Hagenes', 'Aperiam praesentium expedita eum officiis officia nihil error. Laboriosam impedit quod repudiandae ab iusto velit est. Assumenda fugiat id deleniti error numquam quidem. Sunt voluptatibus est fuga amet qui.', 5, '2020-07-02 03:31:03', '2020-07-02 03:31:03'),
(76, 37, 'Alison Wiza Sr.', 'Qui quas asperiores velit excepturi. Doloribus illum placeat ipsam. Qui aut exercitationem magnam quo minus quod.', 0, '2020-07-02 03:31:03', '2020-07-02 03:31:03'),
(77, 47, 'Oren Crona', 'Et blanditiis nesciunt id ipsum animi. Nam nihil doloremque mollitia dolor tempore. Sed consequuntur fugit cupiditate.', 1, '2020-07-02 03:31:03', '2020-07-02 03:31:03'),
(78, 49, 'Salvador Nikolaus', 'Modi ut ut repellat fugit odit aut earum. Rerum maxime qui autem sunt. Laboriosam quia voluptatem amet expedita aliquam sed. Ipsa fugiat fuga voluptatem architecto dolorem.', 4, '2020-07-02 03:31:03', '2020-07-02 03:31:03'),
(79, 5, 'Miss Clotilde Johnson', 'Aut laborum in reiciendis unde incidunt. Et maxime alias perferendis ad aut consequatur. Error quas illo ipsum sint eius aut.', 4, '2020-07-02 03:31:03', '2020-07-02 03:31:03'),
(80, 48, 'Dillon Steuber', 'Autem suscipit dolore quas eos aspernatur et omnis et. Ullam sed at rerum nam libero. Molestias mollitia illum culpa.', 5, '2020-07-02 03:31:04', '2020-07-02 03:31:04'),
(81, 50, 'Mr. Johnson McDermott', 'Non sit et labore consequatur ut voluptatibus repellendus. Quam nisi esse voluptate et veritatis. Eum dignissimos minima magni est est.', 3, '2020-07-02 03:31:04', '2020-07-02 03:31:04'),
(82, 9, 'Elias Kutch Sr.', 'Ut id non quia neque maxime. Maxime repellat dolorum eum. Quas nesciunt voluptas placeat illo eos blanditiis.', 0, '2020-07-02 03:31:05', '2020-07-02 03:31:05'),
(83, 4, 'Santino Harris', 'Itaque autem nulla aut vero. Inventore ea quisquam libero vel molestias. Quaerat omnis corporis architecto facere.', 3, '2020-07-02 03:31:05', '2020-07-02 03:31:05'),
(84, 43, 'Dr. Harvey Haley', 'Id vero qui tempore exercitationem. Ex rerum in unde vitae. Officiis ipsa ut earum dignissimos voluptatem iusto non.', 3, '2020-07-02 03:31:05', '2020-07-02 03:31:05'),
(85, 7, 'Dr. Torrey Raynor DDS', 'Ipsa sunt et in voluptatem autem accusantium necessitatibus. Dolorem sint illo eaque aperiam qui nihil.', 4, '2020-07-02 03:31:05', '2020-07-02 03:31:05'),
(86, 27, 'Luella O\'Connell', 'Sint eum non a quis quidem sequi aut. Similique sit aut aut est. Rerum nemo delectus culpa. Numquam ad aliquam quis ab consequatur.', 0, '2020-07-02 03:31:06', '2020-07-02 03:31:06'),
(87, 44, 'Terrance Olson', 'Incidunt unde labore quos molestiae laudantium vitae aliquid aut. Sed dignissimos laborum nulla tenetur non assumenda in. Dignissimos optio nihil esse eum optio. Delectus totam et veritatis fuga aspernatur eum. Placeat consequatur soluta similique voluptatum atque fugit ullam.', 5, '2020-07-02 03:31:06', '2020-07-02 03:31:06'),
(88, 38, 'Jessica Doyle', 'Sint sint impedit nulla ducimus omnis. Quia voluptatibus est qui maxime. Velit molestiae eveniet nulla. Est tempora impedit ipsam eius. Non asperiores sint aut officiis nemo id est.', 1, '2020-07-02 03:31:07', '2020-07-02 03:31:07'),
(89, 14, 'Mrs. Mary Spencer', 'Et ut velit iste itaque. Voluptatibus culpa ut consequuntur autem quos non ut. In ut rem molestiae doloribus accusamus in. Unde qui officiis rem animi quo.', 4, '2020-07-02 03:31:07', '2020-07-02 03:31:07'),
(90, 26, 'Miss Oceane Erdman', 'Iusto et natus vero velit nihil illum. Alias consequatur asperiores aut deserunt animi ut. Reprehenderit ipsam sequi est. Repellat odio aut inventore aut.', 0, '2020-07-02 03:31:07', '2020-07-02 03:31:07'),
(91, 2, 'Anderson Kirlin', 'Cumque officia maxime aliquid dignissimos rerum nisi praesentium quod. Eligendi atque quis odit accusamus nam laborum. Molestiae consequuntur ea nulla. Hic ipsum illo dolorum reprehenderit nostrum et.', 1, '2020-07-02 03:31:08', '2020-07-02 03:31:08'),
(92, 25, 'Jed Fisher', 'Impedit iusto vel facere quia eligendi. Consequatur est totam deserunt officia excepturi rem. Repudiandae aut est est ex facere cupiditate. Hic rerum vel rerum expedita quo voluptatem.', 5, '2020-07-02 03:31:08', '2020-07-02 03:31:08'),
(93, 19, 'Pablo Anderson', 'Officiis praesentium esse qui perferendis. Perferendis harum sequi cupiditate sint sint. Quidem aperiam voluptas blanditiis delectus aut ut ad. Aliquid quod et quasi.', 3, '2020-07-02 03:31:08', '2020-07-02 03:31:08'),
(94, 15, 'Mr. Ole Weissnat', 'Optio eum eos et repudiandae et. Voluptas amet aut aut sint nostrum eos. Autem dolorem soluta qui animi fugit velit pariatur. Aperiam excepturi iusto fuga exercitationem quaerat eveniet ad ex.', 4, '2020-07-02 03:31:08', '2020-07-02 03:31:08'),
(95, 8, 'Cortez Murazik', 'Deleniti dignissimos ut corrupti mollitia. Illum occaecati voluptatem molestias. Et quia ex numquam voluptatem voluptatem dolorum et. Vitae ut sit inventore et rem sint officia.', 3, '2020-07-02 03:31:08', '2020-07-02 03:31:08'),
(96, 49, 'Morgan Wilderman', 'Omnis saepe dolor deserunt pariatur necessitatibus nam. Laborum voluptatem officiis ea esse laborum quibusdam. Deserunt et omnis eveniet rem dolor dolorem quo. Dolores officiis laudantium omnis.', 1, '2020-07-02 03:31:09', '2020-07-02 03:31:09'),
(97, 18, 'Prof. Clovis Stamm', 'Possimus cum eum optio eum. Accusamus magni sunt odit qui itaque animi. Nulla quo debitis rerum qui unde aut.', 0, '2020-07-02 03:31:09', '2020-07-02 03:31:09'),
(98, 47, 'Dr. Maverick Stracke', 'Possimus ducimus dolores similique qui vero qui. Veniam non placeat temporibus reprehenderit in dolores mollitia. Voluptas a perferendis dolor quis earum est sunt culpa. Repellendus modi impedit dolore et aut aliquid.', 2, '2020-07-02 03:31:09', '2020-07-02 03:31:09'),
(99, 22, 'Clint Legros', 'Adipisci similique nesciunt error non est aut cupiditate. Corporis temporibus temporibus eius fugit id. Consequuntur eligendi et nam non aperiam.', 4, '2020-07-02 03:31:10', '2020-07-02 03:31:10'),
(100, 33, 'Noemi Haag', 'Et tempora nihil aut omnis ut qui. Labore expedita adipisci odio officiis sapiente.', 3, '2020-07-02 03:31:10', '2020-07-02 03:31:10'),
(101, 20, 'Mr. Lorenzo Turcotte III', 'Quam facilis ea quo quas quae ut molestias dicta. Ratione voluptatem eaque quibusdam vero natus rerum voluptatem. Id pariatur autem aut aut cum perspiciatis.', 4, '2020-07-02 03:31:10', '2020-07-02 03:31:10'),
(102, 30, 'Estel Stark IV', 'Ullam autem dolores iusto. Maiores et nemo praesentium blanditiis non. Quia asperiores non et impedit. Voluptatem quos enim nemo omnis aut.', 3, '2020-07-02 03:31:10', '2020-07-02 03:31:10'),
(103, 29, 'Elliot Gaylord Sr.', 'Et eos maiores tempore repellat non maiores temporibus. Ducimus voluptatem quod qui ad non voluptatum quisquam. Nesciunt in doloribus vero aut.', 0, '2020-07-02 03:31:11', '2020-07-02 03:31:11'),
(104, 21, 'Malvina Fahey', 'Qui quod error omnis veniam. Alias voluptate quam facere et nesciunt corrupti dolorem qui. Consequuntur dignissimos at explicabo. Omnis voluptatem et sit hic incidunt.', 2, '2020-07-02 03:31:11', '2020-07-02 03:31:11'),
(105, 27, 'Joel Buckridge MD', 'Qui ea harum labore magnam numquam. Minus ea impedit saepe fugiat quae. Officiis et consequatur in odit assumenda.', 2, '2020-07-02 03:31:12', '2020-07-02 03:31:12'),
(106, 47, 'Ms. Elsa Mraz II', 'Debitis molestias rerum error aut dolorem. Neque est vitae commodi et reiciendis adipisci molestiae nemo. Quis voluptates officiis quo sapiente debitis sunt. Illo voluptatem dolore eveniet vero.', 0, '2020-07-02 03:31:13', '2020-07-02 03:31:13'),
(107, 40, 'Dr. Oceane Streich Sr.', 'Voluptas dolores occaecati et enim rerum. Nihil culpa deleniti sit iusto. Iste dicta consequatur impedit. Sit repellat non similique voluptatum.', 2, '2020-07-02 03:31:13', '2020-07-02 03:31:13'),
(108, 14, 'Jeramy Shanahan', 'Tempore iste iste saepe nihil corporis officiis omnis ex. Omnis nihil numquam et dolores molestias repellat assumenda. Eum in laudantium magni est.', 0, '2020-07-02 03:31:13', '2020-07-02 03:31:13'),
(109, 49, 'Marlen Hintz', 'Qui consequuntur laudantium et perferendis suscipit voluptatem suscipit beatae. Labore eaque molestiae quae illo veniam. Placeat deserunt voluptatem inventore iure temporibus. Animi fuga veniam qui dolorem.', 0, '2020-07-02 03:31:13', '2020-07-02 03:31:13'),
(110, 50, 'Dr. Summer Langosh', 'Voluptas et ipsum officiis asperiores molestias. Quidem beatae occaecati odio omnis. Qui sapiente est velit qui voluptatibus consequuntur. Quis consequatur accusantium sed officia non.', 1, '2020-07-02 03:31:13', '2020-07-02 03:31:13'),
(111, 16, 'Prof. Akeem Larkin DVM', 'Tempore laborum minus voluptate aperiam et ratione est. Temporibus est ut vel non incidunt. Minus nihil eum nihil et.', 0, '2020-07-02 03:31:14', '2020-07-02 03:31:14'),
(112, 18, 'Carlotta Wisoky III', 'Ut voluptatem quia occaecati excepturi voluptates. Laudantium veniam suscipit ullam ipsum reprehenderit tempore. Aut qui laborum repudiandae expedita ut.', 1, '2020-07-02 03:31:14', '2020-07-02 03:31:14'),
(113, 12, 'Joey Langosh', 'Exercitationem dolores aut rerum quia aut rerum. Ut itaque et deleniti consequatur atque. Itaque quasi dolor consectetur quis.', 1, '2020-07-02 03:31:14', '2020-07-02 03:31:14'),
(114, 42, 'Dr. Justen Cassin', 'Ut explicabo sint ab laudantium. Dolor illum laborum in et nesciunt. Rerum autem dignissimos maiores eos. Officia itaque eum sit expedita voluptas dolores.', 3, '2020-07-02 03:31:15', '2020-07-02 03:31:15'),
(115, 24, 'Arnulfo Bernier', 'Nihil quia qui quaerat omnis et consequatur sequi. Ut aut et iure eum. Iusto consequatur asperiores totam maiores modi.', 4, '2020-07-02 03:31:15', '2020-07-02 03:31:15'),
(116, 2, 'Abigayle Gulgowski', 'Delectus similique consequatur quia hic. Quod illum voluptatem consequatur suscipit. Optio ipsum exercitationem perspiciatis eaque voluptatibus.', 2, '2020-07-02 03:31:15', '2020-07-02 03:31:15'),
(117, 21, 'Miss Rosie Boehm II', 'Animi voluptate reiciendis eligendi illum id enim eum numquam. Sequi voluptas illo voluptatibus nam impedit assumenda. Et quod repellat nobis necessitatibus ut illum quia ex. Voluptas eos facilis molestiae minus.', 3, '2020-07-02 03:31:15', '2020-07-02 03:31:15'),
(118, 33, 'Jodie Little Sr.', 'Voluptatem et provident molestiae maiores sunt eos. Culpa asperiores natus rerum nulla eveniet in facilis. Voluptatem impedit molestiae autem voluptate dolor quaerat.', 1, '2020-07-02 03:31:16', '2020-07-02 03:31:16'),
(119, 39, 'Granville Klocko', 'Vel aliquid sit similique unde. Voluptatum est voluptatem maiores fuga aspernatur sed. Magnam non voluptatem culpa ducimus. Officia et necessitatibus sit quisquam id sint rerum est.', 0, '2020-07-02 03:31:16', '2020-07-02 03:31:16'),
(120, 8, 'Eldridge Farrell', 'Qui sed ab unde quia. Assumenda nulla ducimus fugit aspernatur quo praesentium. Vel tenetur facere et architecto vel dolor. Et quidem magni animi sunt occaecati.', 4, '2020-07-02 03:31:16', '2020-07-02 03:31:16'),
(121, 9, 'Esta Flatley', 'Dolores voluptatem assumenda culpa. Corporis harum ab est labore harum sit. Soluta dolor quod repellendus et ea. Iste praesentium ab dolore totam non. Ea est maiores nulla quia modi provident dolorum.', 1, '2020-07-02 03:31:16', '2020-07-02 03:31:16'),
(122, 43, 'Dr. Nichole Mayert', 'Odit recusandae similique ipsum similique. Occaecati sed dicta odio eligendi qui quis. Perferendis debitis doloribus est iste voluptatem quae reprehenderit. Voluptates ipsa vel consequuntur voluptas alias.', 2, '2020-07-02 03:31:16', '2020-07-02 03:31:16'),
(123, 5, 'Rhoda Stanton', 'Eum quisquam esse accusamus repudiandae sed et. Tempora commodi velit iste error. Aspernatur iste veritatis repudiandae nesciunt et ullam nemo. Earum asperiores eum quae.', 5, '2020-07-02 03:31:17', '2020-07-02 03:31:17'),
(124, 31, 'Ms. Syble Ziemann', 'Soluta iure et praesentium ut architecto eius qui aut. Alias modi velit tempora eveniet. Eum asperiores modi error laboriosam.', 5, '2020-07-02 03:31:17', '2020-07-02 03:31:17'),
(125, 45, 'Dr. Americo Lindgren', 'Eos velit cumque ut enim dolor. Perspiciatis quia iusto itaque asperiores minus eius et. Explicabo modi est dolores explicabo id. Consequuntur asperiores repellendus et nisi.', 3, '2020-07-02 03:31:17', '2020-07-02 03:31:17'),
(126, 8, 'Golda Bergstrom', 'Laudantium id omnis sunt tempora qui. Dolorem sapiente aut qui quae. Aut et cumque molestias repudiandae.', 4, '2020-07-02 03:31:17', '2020-07-02 03:31:17'),
(127, 29, 'Mr. Rory Dickinson', 'Et non ut et blanditiis quas nesciunt recusandae. Sint architecto molestiae blanditiis libero reiciendis voluptatum et praesentium. Qui consectetur modi molestiae qui ad.', 5, '2020-07-02 03:31:18', '2020-07-02 03:31:18'),
(128, 37, 'Eloise Littel', 'Velit cupiditate commodi labore autem nemo eaque aut. Consequatur alias pariatur rerum id consequatur aut modi error. Tempora ut autem veniam ab blanditiis possimus eos. Sit quasi pariatur nihil porro.', 0, '2020-07-02 03:31:18', '2020-07-02 03:31:18'),
(129, 4, 'Katlynn Dibbert', 'Accusantium porro saepe rerum optio. Molestias et voluptatem magnam. Officiis dolorem eos quia eos vero. Ipsa beatae sed delectus nemo dignissimos consequatur odio.', 5, '2020-07-02 03:31:18', '2020-07-02 03:31:18'),
(130, 27, 'Keshawn Gutkowski', 'Blanditiis et incidunt tempore quod. Est commodi at temporibus et quis sequi nam.', 0, '2020-07-02 03:31:18', '2020-07-02 03:31:18'),
(131, 20, 'Gunnar Streich', 'Assumenda enim amet error et molestiae iusto. Quia sint fuga dicta distinctio odio ullam et. Magni sit molestiae est aliquid possimus molestiae vel. Vero necessitatibus soluta qui aut molestiae neque amet.', 2, '2020-07-02 03:31:18', '2020-07-02 03:31:18'),
(132, 21, 'Theron Kozey', 'Sed numquam nulla facere ipsam esse aliquam iusto. Suscipit voluptates facere ut error sit.', 4, '2020-07-02 03:31:19', '2020-07-02 03:31:19'),
(133, 29, 'Forest Legros', 'Atque nam vitae nihil maiores. Qui suscipit velit at sit reprehenderit. Inventore in voluptatibus quia non ut.', 2, '2020-07-02 03:31:19', '2020-07-02 03:31:19'),
(134, 46, 'Mr. Dean Thiel', 'Et repudiandae eos atque aut illo doloribus maxime. Sunt modi officiis reiciendis quaerat optio aut. Eos aut laborum nihil ratione earum. Ducimus dolorum libero rerum esse.', 4, '2020-07-02 03:31:19', '2020-07-02 03:31:19'),
(135, 45, 'Dr. Katheryn Stracke', 'Animi aperiam itaque consequatur. Doloremque est doloremque soluta omnis a. Eos dolor ut dolore maxime. Recusandae quod repellendus minus ut.', 0, '2020-07-02 03:31:19', '2020-07-02 03:31:19'),
(136, 37, 'Buster Friesen IV', 'At deleniti explicabo expedita aut dolores voluptatem et et. Non et id cum. Reprehenderit quis vitae sapiente consequatur. Maiores sit fuga quasi.', 5, '2020-07-02 03:31:20', '2020-07-02 03:31:20'),
(137, 33, 'Gilda Cormier', 'Odit cumque aut minus commodi. Perferendis qui rem repellat. Ratione deleniti est quia dolore alias temporibus ea.', 1, '2020-07-02 03:31:20', '2020-07-02 03:31:20'),
(138, 36, 'Crystel Frami MD', 'Tenetur quo modi sit. Modi ipsum illo atque illo. Optio eum dolorem vel eos quod dolorem.', 5, '2020-07-02 03:31:20', '2020-07-02 03:31:20'),
(139, 45, 'Janet Kunze', 'Quos autem sed ut sint enim. Rerum aperiam sed quia qui. Aut autem architecto animi est et. Numquam quod reiciendis reiciendis sequi quas maiores suscipit eaque.', 5, '2020-07-02 03:31:21', '2020-07-02 03:31:21'),
(140, 50, 'Ed Lebsack DDS', 'Incidunt dolores tenetur quia blanditiis eos voluptatibus. Ipsam quia reiciendis voluptatem illum sed odit aut. Aut maxime dolores saepe ea. Harum est consectetur dolorem sed repudiandae vel voluptas.', 2, '2020-07-02 03:31:21', '2020-07-02 03:31:21'),
(141, 3, 'Malika Koelpin III', 'Qui aut autem autem eum et. Debitis voluptas hic ratione voluptatem.', 1, '2020-07-02 03:31:21', '2020-07-02 03:31:21'),
(142, 18, 'Prof. Andres Rogahn', 'Voluptates sint quod perferendis expedita. Omnis cum dicta ea dolor molestiae. Qui et dicta ex qui sint non. Sed quae velit aut non et vitae in.', 0, '2020-07-02 03:31:23', '2020-07-02 03:31:23'),
(143, 13, 'Hermann Weber', 'Sed magnam corporis dolores temporibus suscipit quis. Optio maxime et odio aspernatur quaerat enim quia nemo. Consequatur optio sapiente mollitia quaerat.', 2, '2020-07-02 03:31:23', '2020-07-02 03:31:23'),
(144, 49, 'Jarrett Schiller', 'Non veritatis sapiente dicta et fugit et perspiciatis. Dicta dolores eveniet laudantium vitae dolor ut. Corrupti occaecati nam qui quae. Architecto aut inventore quo.', 4, '2020-07-02 03:31:23', '2020-07-02 03:31:23'),
(145, 49, 'Margaret Dicki', 'Corporis eius ducimus in ut consectetur ea voluptatibus dolore. Impedit libero eos cumque omnis est. Et officia culpa cupiditate magni sint. Omnis eveniet blanditiis similique.', 0, '2020-07-02 03:31:24', '2020-07-02 03:31:24'),
(146, 32, 'Abdiel Toy', 'Id minima et sapiente sapiente. Harum animi esse consectetur explicabo placeat atque quam. At porro excepturi ex et optio nihil. Perferendis vero quidem repellat ex reiciendis. Quibusdam id ut doloribus praesentium iusto iusto.', 2, '2020-07-02 03:31:24', '2020-07-02 03:31:24'),
(147, 47, 'Stephania Kemmer', 'Quo quaerat quos aliquam velit. Aliquam est culpa neque omnis repellendus a totam. Et beatae qui voluptas tempore ea omnis aspernatur. Quae porro rerum sed ut quia possimus et.', 4, '2020-07-02 03:31:24', '2020-07-02 03:31:24'),
(148, 2, 'Ludwig Hoppe', 'Expedita quo animi id et aut. Ut rerum sit laboriosam quia. Libero sed earum eveniet aut quis quia sint.', 0, '2020-07-02 03:31:24', '2020-07-02 03:31:24'),
(149, 46, 'Hanna Wunsch', 'Dolorem aut rem aliquam soluta. Voluptas suscipit libero sequi aspernatur totam. Aliquid optio quis perferendis iure rerum.', 0, '2020-07-02 03:31:25', '2020-07-02 03:31:25'),
(150, 30, 'Mrs. Kelli Murazik II', 'Ad aut voluptate totam architecto animi qui. Excepturi occaecati ea autem rerum et atque quos voluptatum. Quam nostrum sapiente natus ad neque reiciendis. Possimus molestiae corporis aut nemo nihil.', 3, '2020-07-02 03:31:25', '2020-07-02 03:31:25'),
(151, 8, 'Sheridan Rohan', 'Dicta ea corrupti omnis. Facilis est est dolore non.', 1, '2020-07-02 03:31:25', '2020-07-02 03:31:25'),
(152, 33, 'Desmond King', 'Enim optio quod est adipisci aut consequatur placeat. Odio in quisquam soluta debitis quod. Doloribus eos error id est dolorem.', 5, '2020-07-02 03:31:26', '2020-07-02 03:31:26'),
(153, 38, 'Emilia Jast', 'Qui facere quasi consectetur enim. Atque libero adipisci qui sit. Voluptatum quod in ut est maxime.', 1, '2020-07-02 03:31:26', '2020-07-02 03:31:26'),
(154, 18, 'Theo Larkin', 'Est qui possimus temporibus cumque. Est sequi quos aut consequuntur est. Dolores deleniti facilis autem perferendis. Recusandae hic ex tempora assumenda veniam.', 3, '2020-07-02 03:31:26', '2020-07-02 03:31:26'),
(155, 4, 'Earl Keebler', 'Voluptatem dolorem molestias voluptatem sint repellendus deleniti. Eligendi recusandae saepe hic modi temporibus eum. Assumenda minus molestiae optio sint totam aliquam quis. Eaque dolore labore ut.', 3, '2020-07-02 03:31:27', '2020-07-02 03:31:27'),
(156, 41, 'Graham Stehr', 'Laudantium ut perspiciatis architecto dolorem nihil. Consequatur nemo quasi aperiam velit. Et velit recusandae doloribus voluptatem.', 1, '2020-07-02 03:31:27', '2020-07-02 03:31:27'),
(157, 43, 'Greyson Ondricka', 'Suscipit eum expedita ex. Reprehenderit optio dolore ea quae dicta. Et corporis non itaque sit ipsam. Voluptatibus et qui perferendis repellendus sit maiores sint.', 4, '2020-07-02 03:31:27', '2020-07-02 03:31:27'),
(158, 4, 'Celestino Jacobson V', 'Sit nihil nulla qui nesciunt. Quod ab totam sequi ex dolore hic.', 5, '2020-07-02 03:31:27', '2020-07-02 03:31:27'),
(159, 43, 'Nathan Ankunding', 'Quis qui id suscipit at distinctio sit nemo. Consequatur enim inventore et nemo. Et aut quam rerum in sint facere deserunt.', 1, '2020-07-02 03:31:28', '2020-07-02 03:31:28'),
(160, 9, 'Billie Wilkinson', 'Rerum vero laudantium rerum impedit non. Ea accusamus aut vel ut. Fugit distinctio accusamus facere explicabo. Officiis quibusdam quaerat inventore occaecati doloremque harum. Quia quidem quaerat deleniti repellat quod doloremque voluptate temporibus.', 4, '2020-07-02 03:31:28', '2020-07-02 03:31:28'),
(161, 20, 'Prof. Jordi Waelchi PhD', 'Sunt impedit eum est ducimus. Corrupti atque animi sed laboriosam officiis deleniti autem. Qui quos rerum ex est libero error.', 4, '2020-07-02 03:31:28', '2020-07-02 03:31:28'),
(162, 26, 'Frederik Hermann', 'Assumenda voluptas error similique est fugit accusantium. Unde amet et est. Mollitia quibusdam dolorum et. Eos similique dolorem autem tempora dolores fugit. Libero neque natus aut suscipit quas.', 3, '2020-07-02 03:31:28', '2020-07-02 03:31:28'),
(163, 3, 'Laury Schamberger', 'Voluptas quos dolores iusto nihil rerum. Odio ea aut recusandae. Quae qui incidunt temporibus voluptas voluptate. Cumque quasi beatae adipisci iste cumque.', 3, '2020-07-02 03:31:28', '2020-07-02 03:31:28'),
(164, 22, 'Eriberto Toy', 'Itaque ex eum aut. Aut sed atque ipsam ducimus asperiores.', 3, '2020-07-02 03:31:28', '2020-07-02 03:31:28'),
(165, 18, 'Friedrich Jast', 'Repudiandae laudantium cumque rem ut error. Aut fuga et et in. Omnis autem esse sapiente.', 0, '2020-07-02 03:31:29', '2020-07-02 03:31:29'),
(166, 47, 'Pasquale McCullough', 'Ut voluptates eveniet quaerat ut inventore molestiae. Vero omnis asperiores quia.', 4, '2020-07-02 03:31:29', '2020-07-02 03:31:29'),
(167, 45, 'Humberto McCullough', 'Iure et iste et qui. Enim iste sequi omnis omnis et eum vero.', 4, '2020-07-02 03:31:29', '2020-07-02 03:31:29'),
(168, 11, 'Prof. Emily Keebler', 'Non error animi at consequatur. Facilis quod distinctio rerum voluptatem. Cupiditate qui suscipit doloremque enim fuga. Aspernatur ducimus suscipit facere animi cumque nostrum voluptatum tempore.', 5, '2020-07-02 03:31:29', '2020-07-02 03:31:29'),
(169, 13, 'Benjamin Skiles', 'Nam consectetur sit aut pariatur soluta. Et non unde neque molestiae non alias perferendis.', 1, '2020-07-02 03:31:30', '2020-07-02 03:31:30'),
(170, 13, 'Lottie Hills', 'Ut atque id nesciunt sint eveniet. Tempora temporibus quos commodi alias. Quia corporis culpa velit. Dicta beatae voluptatem sit dolorum autem suscipit voluptates.', 5, '2020-07-02 03:31:30', '2020-07-02 03:31:30'),
(171, 49, 'Maeve Smith', 'Quasi et nemo voluptatibus et architecto quia debitis autem. Voluptates et et aliquam tenetur. Aut quia quia et tempora. Corporis incidunt rerum dicta minus.', 5, '2020-07-02 03:31:30', '2020-07-02 03:31:30'),
(172, 41, 'Lauryn Pouros II', 'Quisquam sed et labore cum quia voluptate nulla. Tempora quisquam vel sed non. Qui accusamus et ut officiis id non.', 0, '2020-07-02 03:31:30', '2020-07-02 03:31:30'),
(173, 39, 'Dr. Dolly Nienow', 'Tenetur qui neque sed doloremque veniam. Aut blanditiis aut voluptatem facere.', 3, '2020-07-02 03:31:31', '2020-07-02 03:31:31'),
(174, 18, 'Kitty Sporer IV', 'Expedita beatae non quod itaque optio est dolor. Velit nam fuga necessitatibus qui. Nam atque quod dignissimos at beatae. Modi similique voluptatem voluptatibus.', 0, '2020-07-02 03:31:31', '2020-07-02 03:31:31'),
(175, 35, 'Hillard Anderson', 'Labore commodi impedit quasi nihil tenetur. Excepturi possimus voluptates necessitatibus quia voluptatem. Quia nulla voluptatem voluptas ea suscipit incidunt necessitatibus in.', 1, '2020-07-02 03:31:31', '2020-07-02 03:31:31'),
(176, 8, 'Della Prohaska', 'Dolorem quaerat amet error. Et vel ipsa est dolorem error sunt. Laborum nesciunt optio autem autem eos.', 5, '2020-07-02 03:31:31', '2020-07-02 03:31:31'),
(177, 8, 'Sandrine Ward', 'Alias molestiae cumque enim blanditiis sed. Atque impedit eum optio sit et excepturi consequatur. Quis deserunt beatae vel quo repellat distinctio. Accusamus perspiciatis sint eius ut. Accusantium officia quo voluptas ut perferendis voluptatem.', 4, '2020-07-02 03:31:31', '2020-07-02 03:31:31'),
(178, 12, 'Felicita Flatley Jr.', 'Velit est sunt facere ipsum. Et modi ipsa animi quia iusto necessitatibus modi. Est ex repellat itaque laboriosam.', 2, '2020-07-02 03:31:32', '2020-07-02 03:31:32'),
(179, 33, 'Ferne Fisher', 'Sapiente ducimus in nobis praesentium. Non beatae expedita non possimus reiciendis quo. Id reprehenderit hic molestiae voluptatibus est non perspiciatis.', 0, '2020-07-02 03:31:32', '2020-07-02 03:31:32'),
(180, 43, 'Emelie Hartmann', 'Modi vitae sit consectetur commodi ullam laborum. Ipsum dolore quod quos. Eaque quam et ducimus quibusdam quidem dolor.', 0, '2020-07-02 03:31:32', '2020-07-02 03:31:32'),
(181, 44, 'Dr. Doyle Hoeger MD', 'Accusantium nobis et quis non expedita corrupti. Omnis ut itaque similique eum aliquid ea. Voluptas distinctio itaque et quia ut cupiditate consequatur.', 3, '2020-07-02 03:31:32', '2020-07-02 03:31:32'),
(182, 9, 'Philip Zemlak Sr.', 'Aut occaecati ut ut reiciendis porro consequatur voluptatem. Neque suscipit minima dolor qui quia sed vitae quaerat. Et quis quisquam autem quo ratione est.', 2, '2020-07-02 03:31:33', '2020-07-02 03:31:33'),
(183, 44, 'Karolann Davis', 'Provident eos enim aliquid quis ad et debitis. Omnis neque quo porro distinctio distinctio. Tenetur quisquam ipsam repudiandae doloremque rerum debitis quas. Occaecati adipisci iusto sed suscipit.', 5, '2020-07-02 03:31:33', '2020-07-02 03:31:33'),
(184, 46, 'Dale Kozey', 'Qui cum beatae dolore et repellendus labore vero. Cum voluptatem eius iusto. Tenetur doloribus atque explicabo dolorem eveniet. Sint aut illum delectus aut deserunt voluptas sit.', 1, '2020-07-02 03:31:33', '2020-07-02 03:31:33'),
(185, 22, 'Else Bode', 'Atque harum dicta magnam rerum omnis eligendi beatae. Voluptates qui nihil aliquid voluptatibus. Ex ut quia aut eos sit quia. Et sit odit eligendi distinctio dolorum.', 3, '2020-07-02 03:31:33', '2020-07-02 03:31:33'),
(186, 42, 'Natasha Lakin', 'Cumque non necessitatibus deserunt est quae unde dolores. Quis sed accusantium ad ullam veritatis molestiae. Nostrum inventore neque ea suscipit pariatur.', 0, '2020-07-02 03:31:33', '2020-07-02 03:31:33'),
(187, 5, 'Jermain Von', 'Officiis unde ea hic eaque quia qui quibusdam. Non facere consectetur cupiditate adipisci assumenda eum. Perferendis rerum eos ab enim maiores repudiandae qui.', 2, '2020-07-02 03:31:34', '2020-07-02 03:31:34'),
(188, 31, 'Antonietta Schmitt MD', 'Libero maxime autem blanditiis corporis aut. Dolor qui vel quidem aperiam voluptates accusamus magnam ut. Totam magni sed nihil dolores odit sit. Et rerum in ipsum quo rerum.', 0, '2020-07-02 03:31:34', '2020-07-02 03:31:34'),
(189, 43, 'Kieran Kuhic', 'Quam soluta magni optio dolor. Laborum dolores quibusdam accusamus neque iste. Nisi nobis deserunt dolor corrupti qui earum quidem reiciendis. Dolores aut omnis culpa blanditiis.', 0, '2020-07-02 03:31:35', '2020-07-02 03:31:35'),
(190, 30, 'Elbert Zieme DDS', 'Necessitatibus praesentium rerum nihil qui. Fugit repellat accusamus odio ut. Recusandae facilis atque temporibus ducimus ratione ut eaque nam. Ea dignissimos vel tempore illo dolores quis qui. Est odit nihil rerum aliquam delectus accusantium qui.', 5, '2020-07-02 03:31:35', '2020-07-02 03:31:35'),
(191, 40, 'Mrs. Linnie Gibson I', 'Ipsa recusandae suscipit ipsam tempora quibusdam quibusdam officia. Animi commodi molestiae consectetur expedita est unde ipsum.', 4, '2020-07-02 03:31:35', '2020-07-02 03:31:35'),
(192, 29, 'Prof. Orlo Kemmer IV', 'Eligendi in culpa maxime aut accusamus est. Hic minus voluptatum saepe quaerat est. Eum aliquam optio quod asperiores.', 5, '2020-07-02 03:31:36', '2020-07-02 03:31:36'),
(193, 48, 'Andreane Kris', 'Placeat alias corporis qui maiores similique quia ab. Nostrum ut sit numquam. Architecto dignissimos rerum odio officia sunt quasi iure.', 0, '2020-07-02 03:31:36', '2020-07-02 03:31:36'),
(194, 26, 'Norberto Schroeder', 'Et sunt omnis soluta fuga rerum et. Nisi ab perspiciatis consequuntur. Aperiam perspiciatis illum quibusdam velit et architecto.', 4, '2020-07-02 03:31:36', '2020-07-02 03:31:36'),
(195, 41, 'Kobe Mayert', 'Eligendi consequatur est qui delectus ut molestiae voluptates aperiam. Cumque autem libero odit mollitia consequuntur nemo reprehenderit. Temporibus maxime nostrum cumque dolor earum molestiae. Vel delectus odit rerum commodi.', 4, '2020-07-02 03:31:36', '2020-07-02 03:31:36'),
(196, 27, 'Keenan Will', 'Quia vel officia deserunt asperiores et ullam aliquam. Quisquam omnis illo rerum recusandae nisi quibusdam. Exercitationem similique mollitia perspiciatis sequi quae dolorem.', 3, '2020-07-02 03:31:37', '2020-07-02 03:31:37'),
(197, 15, 'Dr. Krystina Rippin I', 'Ut amet porro cumque cupiditate. Aut soluta cumque est. Autem dolorem veniam deleniti quisquam officia asperiores. Repellendus dicta molestias quis quis consequatur recusandae.', 3, '2020-07-02 03:31:37', '2020-07-02 03:31:37'),
(198, 1, 'Gordon Weber', 'Aut quia et vel et magni vel impedit mollitia. Atque ad autem asperiores aut veniam. Reiciendis qui velit dolores quis sunt quia dignissimos.', 0, '2020-07-02 03:31:38', '2020-07-02 03:31:38'),
(199, 30, 'Amara Mosciski', 'Veritatis omnis doloribus ipsam. Et ipsam ad delectus itaque magnam doloribus quam. Rerum sit eos ab occaecati. Voluptatem beatae excepturi rerum et beatae non.', 4, '2020-07-02 03:31:38', '2020-07-02 03:31:38'),
(200, 37, 'Dr. Neoma Grimes', 'Eum beatae consequatur eaque modi voluptatibus adipisci laborum reiciendis. Facere culpa sunt omnis consequatur suscipit. Eos rerum et est quis aut temporibus. Voluptatem qui delectus sapiente aut. Qui illum quis nulla ipsam asperiores.', 2, '2020-07-02 03:31:38', '2020-07-02 03:31:38'),
(201, 47, 'Devonte Gleason', 'Totam nulla occaecati et nemo. Dolorum veritatis est expedita molestias consequatur vero sit nisi. Voluptates voluptatem eum officiis sed ipsa qui ipsa. Voluptatem ea rem et culpa cupiditate rem. Quaerat natus iste aliquid aut quia hic.', 5, '2020-07-02 03:31:38', '2020-07-02 03:31:38'),
(202, 26, 'Ms. Yesenia Rutherford V', 'Vel delectus quod ut est laborum non. Culpa aut ut nihil est voluptates suscipit distinctio cupiditate. Voluptates suscipit nisi aut cupiditate a.', 0, '2020-07-02 03:31:38', '2020-07-02 03:31:38'),
(203, 31, 'Aracely Labadie', 'Temporibus temporibus quae temporibus debitis commodi nostrum ad. Enim aperiam eum aspernatur aliquam soluta at. Tempora minima quod qui iste ut consequuntur.', 2, '2020-07-02 03:31:39', '2020-07-02 03:31:39'),
(204, 5, 'Erna Balistreri', 'Ut et quia ab quam consequatur deleniti saepe modi. Repellat est velit quisquam amet ut nisi. Sint quis qui autem. At esse illo dolor unde.', 0, '2020-07-02 03:31:39', '2020-07-02 03:31:39'),
(205, 34, 'Bryon Will Jr.', 'Est dolore rerum possimus distinctio eius. Doloremque delectus enim dicta aliquid et. Ipsa ut qui recusandae nesciunt ea nam id. Similique tempore magni tempora saepe eveniet saepe nesciunt.', 1, '2020-07-02 03:31:39', '2020-07-02 03:31:39'),
(206, 2, 'Sienna Jakubowski', 'Doloribus adipisci explicabo minus voluptates ab. Qui et placeat dignissimos. Iusto et voluptas ut officia ad in.', 3, '2020-07-02 03:31:39', '2020-07-02 03:31:39'),
(207, 25, 'Reymundo Kertzmann I', 'Cupiditate ut quidem at reiciendis corrupti eum voluptas. Minus tempora ipsam neque mollitia. At quasi excepturi alias. Est et aperiam aperiam laudantium et.', 0, '2020-07-02 03:31:40', '2020-07-02 03:31:40'),
(208, 10, 'Daniela Paucek', 'Eos exercitationem ullam quae ut nemo sed et. Laboriosam qui ut exercitationem. Aut consequatur sed laudantium nulla et et dolor.', 2, '2020-07-02 03:31:41', '2020-07-02 03:31:41'),
(209, 22, 'Leola Conn', 'Voluptatem ipsa quis in in et et quisquam. Sunt tenetur et iure. A eum id molestias culpa rerum illo. Doloremque voluptatum nulla corrupti adipisci amet perspiciatis.', 3, '2020-07-02 03:31:41', '2020-07-02 03:31:41'),
(210, 50, 'Antwon Kuhn', 'Sed quae rerum nobis. Magnam veritatis enim nulla minus quae sequi rerum. Inventore aliquid ad magni rerum nulla.', 0, '2020-07-02 03:31:41', '2020-07-02 03:31:41');
INSERT INTO `reviews` (`id`, `product_id`, `customer`, `review`, `star`, `created_at`, `updated_at`) VALUES
(211, 5, 'Doyle Reichel', 'Facere quia eveniet minima expedita quia asperiores delectus. Consequuntur ut aspernatur quia ab doloremque. Hic molestiae aut magni cupiditate est. Atque nisi voluptas aut facere delectus a distinctio nihil.', 2, '2020-07-02 03:31:41', '2020-07-02 03:31:41'),
(212, 1, 'Carmelo Rau', 'Eos quo distinctio earum voluptatem eligendi iusto perspiciatis. Sint quae maiores et veniam. Et ut ullam eum ducimus eligendi incidunt numquam.', 4, '2020-07-02 03:31:42', '2020-07-02 03:31:42'),
(213, 32, 'Jasmin Dach', 'Eveniet magni ut odio porro sunt. Aut vero non dolorum. Non cum animi nesciunt vitae. Voluptas ullam velit quos maxime est facere.', 5, '2020-07-02 03:31:42', '2020-07-02 03:31:42'),
(214, 7, 'Edgar Green PhD', 'Explicabo velit dolorum et iure officiis quod et. Distinctio qui libero commodi fugiat.', 1, '2020-07-02 03:31:42', '2020-07-02 03:31:42'),
(215, 31, 'Prof. Estefania Nikolaus PhD', 'Ex itaque ad consectetur molestiae blanditiis dignissimos vitae. Nam non fugit quo tenetur iure. Sit ut odio voluptatem blanditiis est adipisci libero.', 5, '2020-07-02 03:31:43', '2020-07-02 03:31:43'),
(216, 12, 'Aron Barrows Sr.', 'Inventore mollitia ea nam molestiae exercitationem natus. Ad laudantium numquam maiores. Ipsum ea velit nam dolorem omnis aut tempore.', 1, '2020-07-02 03:31:43', '2020-07-02 03:31:43'),
(217, 42, 'Gus Schiller', 'Consequatur libero quaerat fugiat aspernatur et laboriosam ipsa doloribus. Occaecati autem quo incidunt ut modi a. Ipsam alias doloribus et consectetur magni vel error. Molestiae impedit suscipit nulla ullam quis omnis.', 0, '2020-07-02 03:31:43', '2020-07-02 03:31:43'),
(218, 7, 'Prof. Kariane Kris', 'Necessitatibus voluptas impedit qui quas ad. Nesciunt reprehenderit rem perspiciatis ipsa et. Sint officiis nihil ipsum ea temporibus. In distinctio et illum perferendis porro. Dolorem et quia quaerat itaque assumenda accusantium cum quia.', 1, '2020-07-02 03:31:43', '2020-07-02 03:31:43'),
(219, 35, 'Vicky Sanford', 'Mollitia tempora illo velit unde autem et veritatis. Odio doloremque sint assumenda sed enim quo. Reprehenderit provident est minus et provident.', 1, '2020-07-02 03:31:43', '2020-07-02 03:31:43'),
(220, 3, 'Monserrat Maggio', 'Recusandae ad corrupti earum nam est. Quam eos dignissimos rerum qui. Quia quo in non. Et tempora dolores earum odit ipsa nemo.', 2, '2020-07-02 03:31:44', '2020-07-02 03:31:44'),
(221, 12, 'Ross Waelchi', 'Et enim iusto nobis. Qui neque et non aut voluptate quia tenetur. Eligendi placeat molestiae debitis eos sint quasi saepe.', 3, '2020-07-02 03:31:44', '2020-07-02 03:31:44'),
(222, 6, 'Destinee Strosin', 'Architecto mollitia qui blanditiis eum quia maiores. Enim perspiciatis odio eligendi est. Doloremque ab ducimus voluptas.', 2, '2020-07-02 03:31:44', '2020-07-02 03:31:44'),
(223, 48, 'Jevon Bartell', 'Deleniti quod possimus harum officiis deserunt qui dolores. Nisi tempore vitae facilis error illum rem. Officia molestiae blanditiis rem. Culpa ipsa alias aspernatur qui placeat similique.', 5, '2020-07-02 03:31:44', '2020-07-02 03:31:44'),
(224, 28, 'Maximilian Mills', 'Beatae occaecati eaque expedita culpa quisquam non animi explicabo. Aut facilis pariatur explicabo praesentium alias. Ea dolorem eius dolores.', 2, '2020-07-02 03:31:45', '2020-07-02 03:31:45'),
(225, 17, 'Justice Macejkovic MD', 'Sunt cupiditate sequi possimus. Aut quisquam voluptatem facere est voluptate. Consequatur reiciendis ad doloribus aut ea.', 2, '2020-07-02 03:31:45', '2020-07-02 03:31:45'),
(226, 1, 'Dustin Kassulke', 'Ea fugit id consectetur unde. Voluptatum delectus unde omnis ratione necessitatibus. Tempore officia non beatae necessitatibus suscipit ut. Et laborum aliquam vero saepe provident.', 5, '2020-07-02 03:31:45', '2020-07-02 03:31:45'),
(227, 39, 'Alanna Johnston', 'Vitae repellat consequatur consequatur delectus omnis et dicta. Deleniti inventore ut qui optio repellendus magni. Eveniet atque voluptatem provident. Temporibus nemo qui quia suscipit vel.', 1, '2020-07-02 03:31:46', '2020-07-02 03:31:46'),
(228, 29, 'Cheyenne Hermiston', 'Modi excepturi in qui non. Qui odio quia possimus quia. Non veniam suscipit cumque cum quidem.', 4, '2020-07-02 03:31:46', '2020-07-02 03:31:46'),
(229, 21, 'Noemi Ryan I', 'Voluptates voluptatibus consequuntur corrupti blanditiis. Debitis mollitia facilis fuga est similique officia. Velit ab consequatur minima accusantium voluptas et autem et.', 5, '2020-07-02 03:31:46', '2020-07-02 03:31:46'),
(230, 22, 'Arnoldo Osinski', 'Repellendus distinctio voluptatem tenetur cumque eum deleniti et commodi. Ut ipsam nesciunt nesciunt similique. Temporibus est ipsam voluptatibus impedit porro odit dolorum. Assumenda facere amet veniam nisi magnam repudiandae.', 3, '2020-07-02 03:31:47', '2020-07-02 03:31:47'),
(231, 37, 'Marcos Dooley', 'In doloremque possimus libero amet doloremque. Sunt voluptatibus expedita voluptatem. Blanditiis facilis voluptatem repudiandae vel omnis vitae.', 3, '2020-07-02 03:31:47', '2020-07-02 03:31:47'),
(232, 6, 'Prof. Porter Conn', 'Cumque nihil saepe saepe ex et earum ea totam. Voluptatem expedita corrupti facere cupiditate cupiditate eum. Quod non maiores qui quo ab dicta. Et saepe consequatur consequatur ut et.', 4, '2020-07-02 03:31:48', '2020-07-02 03:31:48'),
(233, 22, 'Elinore Walter', 'Id sed asperiores deleniti aut tempora pariatur. Odio consequatur ut nihil.', 0, '2020-07-02 03:31:48', '2020-07-02 03:31:48'),
(234, 11, 'Misael Davis', 'Illum voluptatem ipsam optio officiis temporibus. Sit illo praesentium odit voluptates quaerat. Qui officiis cumque consequatur.', 4, '2020-07-02 03:31:48', '2020-07-02 03:31:48'),
(235, 41, 'Mr. Keshaun Bernier DDS', 'Placeat ipsam aspernatur voluptatem vero asperiores sint et quia. Rerum qui atque adipisci aut. Laborum aliquid occaecati ut sint labore.', 3, '2020-07-02 03:31:48', '2020-07-02 03:31:48'),
(236, 6, 'Gertrude Brakus PhD', 'Odit quia est quia ut. Dolores non et eos ut et. Reiciendis beatae non suscipit qui nihil aut.', 3, '2020-07-02 03:31:49', '2020-07-02 03:31:49'),
(237, 24, 'Dr. Marquise Kohler MD', 'Rem saepe et dignissimos minima libero aut quae quia. Recusandae et illo eveniet. Aut dolore nam quia sit vero quasi. Non eius tempore culpa laboriosam aut.', 5, '2020-07-02 03:31:49', '2020-07-02 03:31:49'),
(238, 30, 'Eriberto Bogan', 'A cumque non unde qui. Non ullam voluptate est non eveniet nam. Rerum ut quisquam laudantium repellendus aliquid similique. Provident quibusdam ut a quam veniam ex iste.', 1, '2020-07-02 03:31:49', '2020-07-02 03:31:49'),
(239, 41, 'Aniya Hand', 'Pariatur vel perferendis quibusdam soluta et. Tempora consequatur neque totam quo assumenda architecto rerum. Recusandae reprehenderit voluptatem minima eos in. Consequatur voluptatem occaecati consequuntur.', 4, '2020-07-02 03:31:49', '2020-07-02 03:31:49'),
(240, 5, 'Dalton Streich MD', 'Assumenda sit hic eligendi maxime. Expedita expedita eos temporibus aliquid voluptatem soluta. Aperiam officiis et nam ipsa neque sed. Aperiam ut adipisci est praesentium aut autem.', 1, '2020-07-02 03:31:49', '2020-07-02 03:31:49'),
(241, 29, 'Mikayla Dooley V', 'Voluptatem ea eum non. Iste saepe dolor vero fugit. Harum quis officia possimus amet officiis accusamus qui. Quis optio expedita optio explicabo ducimus repellat.', 0, '2020-07-02 03:31:50', '2020-07-02 03:31:50'),
(242, 1, 'Prof. Marlin Schiller Sr.', 'Sint aut autem nam dicta sit sint. Atque odit sapiente qui molestiae qui. Ut quia eius sit consectetur blanditiis sequi temporibus eos.', 2, '2020-07-02 03:31:51', '2020-07-02 03:31:51'),
(243, 28, 'Domenic Toy PhD', 'Saepe consequuntur accusamus voluptatibus illum aut. At alias iusto aperiam similique veniam architecto recusandae. Similique libero earum ipsa. Qui necessitatibus similique excepturi cupiditate aliquam quod.', 4, '2020-07-02 03:31:51', '2020-07-02 03:31:51'),
(244, 36, 'Prof. Eulalia Bartoletti MD', 'Doloribus libero exercitationem reiciendis suscipit et ipsa. Hic et velit quia et dolor dolorum animi. Corporis maxime enim libero eius.', 5, '2020-07-02 03:31:51', '2020-07-02 03:31:51'),
(245, 6, 'Sister Hudson', 'Debitis est aut ducimus fugit aliquid dolores. Temporibus eveniet sunt qui fuga. Non ab nam consequatur incidunt unde temporibus non.', 1, '2020-07-02 03:31:51', '2020-07-02 03:31:51'),
(246, 18, 'Consuelo Bauch', 'Et voluptatibus ullam id sunt voluptatem soluta at. Mollitia dolore aliquid rerum. Pariatur sed explicabo ducimus aperiam aut vero et. Ut quis eius iusto sint exercitationem et quo a.', 5, '2020-07-02 03:31:52', '2020-07-02 03:31:52'),
(247, 22, 'Nils Ortiz', 'Porro voluptatem esse sint ut ut odio. Sed temporibus optio quas impedit distinctio. Earum unde in cumque eaque. Fugit magni delectus maxime placeat nihil aut iusto.', 2, '2020-07-02 03:31:52', '2020-07-02 03:31:52'),
(248, 49, 'Madelyn Donnelly', 'Animi facere et officia dolores soluta tempora ex. Veniam atque aspernatur non facere nam eos. Possimus inventore dignissimos sequi dolorum id debitis iste.', 5, '2020-07-02 03:31:52', '2020-07-02 03:31:52'),
(249, 25, 'Geovany Littel', 'Qui blanditiis labore optio minima doloremque cupiditate. Eligendi blanditiis dolore vero velit omnis. Quos dicta doloremque asperiores rerum quibusdam quaerat est et. Eum et ducimus iste ullam consectetur aut est. Quasi cum libero et ea et tenetur.', 2, '2020-07-02 03:31:52', '2020-07-02 03:31:52'),
(250, 1, 'Eden Price', 'Ipsam et laboriosam optio tenetur excepturi ut minus. Sit maiores fuga velit sed nostrum voluptatum. Est labore voluptatum amet necessitatibus. Facilis omnis odio eum voluptatem minima quidem.', 1, '2020-07-02 03:31:52', '2020-07-02 03:31:52'),
(251, 12, 'Martine Kutch', 'Atque dicta autem ullam reprehenderit est voluptatem. Labore laborum molestiae voluptatem rerum in est. Molestiae rem ut numquam rerum aut non corrupti.', 4, '2020-07-02 03:31:53', '2020-07-02 03:31:53'),
(252, 3, 'Coy Kling DDS', 'Illo odio in quia rerum. Nobis libero est impedit saepe voluptatem. Sapiente non omnis doloribus exercitationem eum qui dolorem.', 4, '2020-07-02 03:31:53', '2020-07-02 03:31:53'),
(253, 8, 'Miss Jeanie Ziemann DVM', 'Dolores rerum ex et nam. Quidem minus similique reiciendis. Enim nam iusto placeat eaque molestias quae occaecati quos. Reprehenderit ullam est officiis assumenda similique.', 4, '2020-07-02 03:31:53', '2020-07-02 03:31:53'),
(254, 3, 'Abigayle Roob', 'Veritatis perspiciatis deleniti dolores rem accusantium aut tempora. Dolorem aliquam corporis adipisci quasi cupiditate explicabo ut. Nam aspernatur et voluptas cum officia quam laboriosam. Pariatur similique ullam unde ad delectus nobis veritatis itaque.', 3, '2020-07-02 03:31:54', '2020-07-02 03:31:54'),
(255, 23, 'Alden Donnelly', 'Fugit sed id hic libero aut. Alias et quo possimus. Commodi quia eius iste eius qui sed.', 4, '2020-07-02 03:31:54', '2020-07-02 03:31:54'),
(256, 2, 'Mr. Nikolas Lynch', 'Sequi praesentium placeat nam ratione. Esse exercitationem eum adipisci modi omnis. Nihil reiciendis provident laborum accusamus. Qui tenetur ab cumque excepturi est quasi expedita vel. Laudantium explicabo nam dolore.', 4, '2020-07-02 03:31:54', '2020-07-02 03:31:54'),
(257, 18, 'Earnest Beer', 'Alias qui nihil quasi hic. Quas ex deleniti sapiente voluptas ipsum. Iusto iusto eos officiis. Sit dolorem eos et repellendus vel.', 4, '2020-07-02 03:31:54', '2020-07-02 03:31:54'),
(258, 49, 'Dr. Alexandrine Bins V', 'Voluptatem dolorem ipsum voluptas ea iure. Porro dignissimos voluptatibus ad. Velit suscipit fugit accusamus dolor quis perferendis.', 3, '2020-07-02 03:31:54', '2020-07-02 03:31:54'),
(259, 5, 'Gayle Schroeder DDS', 'Voluptatibus quae maxime magnam esse est magni. Cumque quibusdam ut optio. Vitae repudiandae quia dolores qui tempora. Sapiente maxime quasi repellat cumque numquam eos unde.', 3, '2020-07-02 03:31:55', '2020-07-02 03:31:55'),
(260, 35, 'Carmen Bogan', 'Ipsa rerum atque et. Reprehenderit rerum soluta sit asperiores.', 5, '2020-07-02 03:31:55', '2020-07-02 03:31:55'),
(261, 21, 'Robyn Price', 'Deserunt dolores dolorem commodi et tenetur nobis voluptatem. Hic et nemo quas veniam nesciunt ad eveniet. Eum eum necessitatibus aliquam.', 0, '2020-07-02 03:31:55', '2020-07-02 03:31:55'),
(262, 3, 'Ms. Danika Hoppe IV', 'Cupiditate rerum tempora numquam facilis. Ut expedita voluptas facilis aut eum autem nam. Alias ut sed veritatis debitis reprehenderit.', 5, '2020-07-02 03:31:56', '2020-07-02 03:31:56'),
(263, 29, 'Dr. Wyman Hansen', 'Quam minima nesciunt sunt dignissimos placeat. Fugit quae voluptatibus ut enim dolor qui neque. Rerum expedita aut quibusdam recusandae aut ullam dicta repellat. Qui ipsum eum illum voluptate ut rerum.', 2, '2020-07-02 03:31:56', '2020-07-02 03:31:56'),
(264, 17, 'Davonte Kuhic', 'Omnis perferendis autem sint deleniti. Occaecati aut et quod praesentium similique iste. Odit eum minus iusto esse voluptatem.', 4, '2020-07-02 03:31:56', '2020-07-02 03:31:56'),
(265, 1, 'Terence Kling', 'Eius qui maiores quae quis consequatur ut. Asperiores nihil dignissimos quod ut. Tenetur sed voluptatum saepe sed quos at dolorem.', 2, '2020-07-02 03:31:56', '2020-07-02 03:31:56'),
(266, 15, 'Prof. Jillian Kuphal', 'Aut ullam et aliquid laborum. Libero voluptatum neque non. Exercitationem voluptate sunt nam expedita.', 1, '2020-07-02 03:31:57', '2020-07-02 03:31:57'),
(267, 45, 'Mr. Abel Mills', 'Repellat similique itaque in sed. Laboriosam est sed debitis dolor esse vero cupiditate. Sed sed culpa est excepturi modi reiciendis eos.', 5, '2020-07-02 03:31:57', '2020-07-02 03:31:57'),
(268, 18, 'Evelyn Homenick', 'Dignissimos quia aperiam sapiente doloribus ea hic velit. Sint nostrum ut ut porro. Odio sunt velit omnis tenetur eveniet qui voluptatem.', 4, '2020-07-02 03:31:57', '2020-07-02 03:31:57'),
(269, 3, 'Tianna Botsford', 'Inventore at illum et sint fugiat ipsa. Ut quia saepe eaque porro minima. Ex repellat sed et placeat eveniet consequuntur. Eligendi officiis at doloribus dicta in temporibus.', 0, '2020-07-02 03:31:58', '2020-07-02 03:31:58'),
(270, 34, 'Jeromy Effertz', 'Molestias quisquam suscipit enim sunt quisquam aut. Voluptatem tenetur et magnam eum animi. Maiores reprehenderit quo molestiae sed.', 2, '2020-07-02 03:31:58', '2020-07-02 03:31:58'),
(271, 15, 'Pauline Batz', 'Impedit in magnam molestiae sit ex doloremque ut. Nulla qui dolorem quia quia rerum est reprehenderit. Culpa et maiores doloremque ea sed rerum nihil.', 0, '2020-07-02 03:31:58', '2020-07-02 03:31:58'),
(272, 13, 'Prof. Tyrel Rippin', 'Asperiores qui quia at est tenetur optio accusantium. Possimus et explicabo numquam quia illo.', 2, '2020-07-02 03:31:58', '2020-07-02 03:31:58'),
(273, 19, 'Camilla Hintz', 'Id sit similique blanditiis nisi temporibus hic. Provident quia quia voluptatibus possimus ducimus debitis rem.', 5, '2020-07-02 03:31:58', '2020-07-02 03:31:58'),
(274, 41, 'Prof. Graham Konopelski V', 'Iste at non iste et. Mollitia quaerat dolorem quidem voluptatem eveniet nulla et. Molestiae et omnis dolores exercitationem amet nemo eum. Velit et ratione repudiandae incidunt et. Exercitationem laudantium quia quas ipsum ullam hic sunt.', 0, '2020-07-02 03:31:58', '2020-07-02 03:31:58'),
(275, 45, 'Rafael Reinger', 'Dolore dolore quo aut eligendi suscipit molestiae. Saepe quia sed omnis ad reprehenderit reprehenderit et. Est ea itaque officia qui adipisci voluptates perferendis. Assumenda quos incidunt amet quo rerum quam officia. Et doloribus odit dolorum atque repellat omnis dolorem.', 2, '2020-07-02 03:31:59', '2020-07-02 03:31:59'),
(276, 16, 'Missouri Corwin IV', 'Et repudiandae et ipsa et. Ipsa iste corporis provident repudiandae. Quia dolorum ducimus reprehenderit exercitationem vero maxime.', 2, '2020-07-02 03:31:59', '2020-07-02 03:31:59'),
(277, 12, 'Cole Upton', 'Nostrum temporibus et qui dolores dolorem. Voluptatum tempore culpa molestiae.', 3, '2020-07-02 03:31:59', '2020-07-02 03:31:59'),
(278, 11, 'Nels McKenzie V', 'Ullam quidem corporis id perspiciatis illo. Ratione nostrum autem aut sed impedit. Magnam laboriosam voluptas nulla cum. Dolores blanditiis cumque et laboriosam.', 2, '2020-07-02 03:31:59', '2020-07-02 03:31:59'),
(279, 33, 'Magnus Frami', 'Quos nisi architecto temporibus. Laborum architecto iste alias non suscipit. Quis qui est praesentium neque libero consequatur commodi eius.', 4, '2020-07-02 03:32:00', '2020-07-02 03:32:00'),
(280, 4, 'Eliza Marvin', 'Sint quis cumque eos enim. Qui ratione est voluptates libero quo vel voluptatum. Perspiciatis ipsa pariatur optio sunt ut id. Et distinctio aut et illum.', 5, '2020-07-02 03:32:00', '2020-07-02 03:32:00'),
(281, 1, 'Elizabeth Ritchie', 'Odio ipsa quos pariatur. In maxime unde tempora vitae itaque. Excepturi sequi ullam corporis omnis.', 1, '2020-07-02 03:32:00', '2020-07-02 03:32:00'),
(282, 39, 'Antonietta Toy', 'Impedit qui quas numquam. Necessitatibus ea qui consectetur repellat. Aliquid eum laborum nam laborum veniam.', 0, '2020-07-02 03:32:00', '2020-07-02 03:32:00'),
(283, 2, 'Jacky Mraz', 'Alias repudiandae sed rerum corrupti et corrupti excepturi. Quos ut inventore eaque voluptatem beatae quisquam omnis. Voluptates neque harum voluptatem molestias est quia fugiat. Consectetur debitis neque incidunt molestiae non aliquid ea.', 0, '2020-07-02 03:32:00', '2020-07-02 03:32:00'),
(284, 7, 'Dr. Sandra Stamm DVM', 'Non quam magni est beatae. Reprehenderit possimus ut maiores itaque dolores dolorem qui. At enim commodi dignissimos facere. Et sunt illo voluptas nemo ut.', 1, '2020-07-02 03:32:01', '2020-07-02 03:32:01'),
(285, 12, 'Bettye Haley', 'Est laudantium necessitatibus dicta. Et eius delectus aut enim ipsa deserunt qui qui. Eum molestiae doloremque voluptatem inventore et cum quo dolore.', 2, '2020-07-02 03:32:01', '2020-07-02 03:32:01'),
(286, 27, 'Mrs. Rosalinda Stokes Sr.', 'Pariatur magni voluptate reprehenderit. Exercitationem corporis perspiciatis dolorem id iste quo. Aspernatur corporis mollitia repellendus rerum qui eos. Molestiae placeat et eveniet sapiente.', 0, '2020-07-02 03:32:01', '2020-07-02 03:32:01'),
(287, 50, 'Dr. Jenifer Mraz IV', 'Molestiae ratione repellat alias quas omnis consequatur velit. Ullam assumenda eius rem enim. Aut earum quia doloremque. Impedit adipisci et pariatur blanditiis exercitationem debitis dolorem.', 0, '2020-07-02 03:32:01', '2020-07-02 03:32:01'),
(288, 34, 'Prof. Derrick Boyle I', 'Qui et fugit odio quos facilis. Minus nihil soluta eligendi rem. Minus dignissimos et nihil. Velit ipsam non eos vel dolores sapiente nesciunt.', 2, '2020-07-02 03:32:02', '2020-07-02 03:32:02'),
(289, 41, 'Myrtie Schowalter Jr.', 'Quibusdam debitis nostrum aliquid explicabo hic voluptatem vel. Vel sunt quia consequuntur. Perspiciatis laboriosam non numquam. Aut harum eaque praesentium pariatur.', 5, '2020-07-02 03:32:02', '2020-07-02 03:32:02'),
(290, 34, 'Rory Ondricka III', 'Nisi et quos enim sint. Voluptatem vero sunt id quis veniam sit et. Sunt sed consequuntur autem minus eius voluptatem. Reprehenderit natus rem est modi.', 1, '2020-07-02 03:32:02', '2020-07-02 03:32:02'),
(291, 12, 'Alvah Mueller', 'Dolorem dolor soluta iusto laborum voluptas. Natus ut aut sit. Ab aut error esse nihil est in reprehenderit. Nisi inventore velit possimus. Repellat ut cumque numquam facere esse sit eius.', 5, '2020-07-02 03:32:03', '2020-07-02 03:32:03'),
(292, 31, 'Wendy Yost', 'Non porro commodi molestias magnam. Minima vel dolorem est alias consequatur praesentium eius.', 1, '2020-07-02 03:32:03', '2020-07-02 03:32:03'),
(293, 47, 'Branson Wuckert', 'Rerum quas eum sed cumque. Et ex est similique rerum corrupti recusandae distinctio. Sint quibusdam non architecto dolore.', 4, '2020-07-02 03:32:03', '2020-07-02 03:32:03'),
(294, 45, 'Juvenal Wintheiser', 'Est autem eveniet incidunt eos nam in. Ipsam quis asperiores numquam rerum et inventore. Reiciendis maxime illum id qui at aut.', 4, '2020-07-02 03:32:04', '2020-07-02 03:32:04'),
(295, 31, 'Van Keeling II', 'Numquam libero ullam qui voluptates. Nulla aperiam voluptatem dignissimos quo aut pariatur dolor. Molestiae sunt voluptas earum. Omnis minima facere ratione iusto deleniti libero eaque.', 5, '2020-07-02 03:32:04', '2020-07-02 03:32:04'),
(296, 35, 'Grant Langosh', 'Aliquam architecto et consequatur adipisci a tempore vel. Non animi quidem natus dignissimos accusantium. In totam ex velit earum. Voluptatem ullam illum velit non.', 3, '2020-07-02 03:32:04', '2020-07-02 03:32:04'),
(297, 14, 'Prof. Sheridan O\'Reilly', 'Culpa repellendus dolorum aut distinctio delectus illum numquam. Enim dolorum quae eos modi quia odio. Vitae dolor non consequatur autem non iste soluta.', 3, '2020-07-02 03:32:05', '2020-07-02 03:32:05'),
(298, 50, 'Sven Bailey II', 'Ex debitis quaerat ut velit sit illo quo necessitatibus. Corporis at fugit atque quaerat mollitia assumenda voluptatem. Quasi necessitatibus qui quas doloribus culpa aut.', 3, '2020-07-02 03:32:05', '2020-07-02 03:32:05'),
(299, 22, 'Kenny Sauer', 'Non iure voluptate qui in ratione corrupti. In et saepe ullam unde. Fuga ea accusantium at officia minus doloremque nihil.', 4, '2020-07-02 03:32:05', '2020-07-02 03:32:05'),
(300, 41, 'Godfrey Dickinson', 'Inventore pariatur et in et facere. Ut voluptatem sint amet in asperiores tempore in. Dolore tenetur nisi non blanditiis ratione.', 0, '2020-07-02 03:32:05', '2020-07-02 03:32:05');

-- --------------------------------------------------------

--
-- Table structure for table `users`
--

CREATE TABLE `users` (
  `id` bigint UNSIGNED NOT NULL,
  `name` varchar(255) COLLATE utf8mb4_unicode_ci NOT NULL,
  `email` varchar(255) COLLATE utf8mb4_unicode_ci NOT NULL,
  `email_verified_at` timestamp NULL DEFAULT NULL,
  `password` varchar(255) COLLATE utf8mb4_unicode_ci NOT NULL,
  `remember_token` varchar(100) COLLATE utf8mb4_unicode_ci DEFAULT NULL,
  `created_at` timestamp NULL DEFAULT NULL,
  `updated_at` timestamp NULL DEFAULT NULL
) ENGINE=InnoDB DEFAULT CHARSET=utf8mb4 COLLATE=utf8mb4_unicode_ci;

--
-- Indexes for dumped tables
--

--
-- Indexes for table `failed_jobs`
--
ALTER TABLE `failed_jobs`
  ADD PRIMARY KEY (`id`);

--
-- Indexes for table `migrations`
--
ALTER TABLE `migrations`
  ADD PRIMARY KEY (`id`);

--
-- Indexes for table `oauth_access_tokens`
--
ALTER TABLE `oauth_access_tokens`
  ADD PRIMARY KEY (`id`),
  ADD KEY `oauth_access_tokens_user_id_index` (`user_id`);

--
-- Indexes for table `oauth_auth_codes`
--
ALTER TABLE `oauth_auth_codes`
  ADD PRIMARY KEY (`id`),
  ADD KEY `oauth_auth_codes_user_id_index` (`user_id`);

--
-- Indexes for table `oauth_clients`
--
ALTER TABLE `oauth_clients`
  ADD PRIMARY KEY (`id`),
  ADD KEY `oauth_clients_user_id_index` (`user_id`);

--
-- Indexes for table `oauth_personal_access_clients`
--
ALTER TABLE `oauth_personal_access_clients`
  ADD PRIMARY KEY (`id`);

--
-- Indexes for table `oauth_refresh_tokens`
--
ALTER TABLE `oauth_refresh_tokens`
  ADD PRIMARY KEY (`id`);

--
-- Indexes for table `password_resets`
--
ALTER TABLE `password_resets`
  ADD KEY `password_resets_email_index` (`email`);

--
-- Indexes for table `products`
--
ALTER TABLE `products`
  ADD PRIMARY KEY (`id`);

--
-- Indexes for table `reviews`
--
ALTER TABLE `reviews`
  ADD PRIMARY KEY (`id`),
  ADD KEY `reviews_product_id_foreign` (`product_id`);

--
-- Indexes for table `users`
--
ALTER TABLE `users`
  ADD PRIMARY KEY (`id`),
  ADD UNIQUE KEY `users_email_unique` (`email`);

--
-- AUTO_INCREMENT for dumped tables
--

--
-- AUTO_INCREMENT for table `failed_jobs`
--
ALTER TABLE `failed_jobs`
  MODIFY `id` bigint UNSIGNED NOT NULL AUTO_INCREMENT;

--
-- AUTO_INCREMENT for table `migrations`
--
ALTER TABLE `migrations`
  MODIFY `id` int UNSIGNED NOT NULL AUTO_INCREMENT, AUTO_INCREMENT=121;

--
-- AUTO_INCREMENT for table `oauth_clients`
--
ALTER TABLE `oauth_clients`
  MODIFY `id` bigint UNSIGNED NOT NULL AUTO_INCREMENT;

--
-- AUTO_INCREMENT for table `oauth_personal_access_clients`
--
ALTER TABLE `oauth_personal_access_clients`
  MODIFY `id` bigint UNSIGNED NOT NULL AUTO_INCREMENT;

--
-- AUTO_INCREMENT for table `products`
--
ALTER TABLE `products`
  MODIFY `id` bigint UNSIGNED NOT NULL AUTO_INCREMENT, AUTO_INCREMENT=51;

--
-- AUTO_INCREMENT for table `reviews`
--
ALTER TABLE `reviews`
  MODIFY `id` bigint UNSIGNED NOT NULL AUTO_INCREMENT, AUTO_INCREMENT=301;

--
-- AUTO_INCREMENT for table `users`
--
ALTER TABLE `users`
  MODIFY `id` bigint UNSIGNED NOT NULL AUTO_INCREMENT;

--
-- Constraints for dumped tables
--

--
-- Constraints for table `reviews`
--
ALTER TABLE `reviews`
  ADD CONSTRAINT `reviews_product_id_foreign` FOREIGN KEY (`product_id`) REFERENCES `products` (`id`) ON DELETE CASCADE;
COMMIT;

/*!40101 SET CHARACTER_SET_CLIENT=@OLD_CHARACTER_SET_CLIENT */;
/*!40101 SET CHARACTER_SET_RESULTS=@OLD_CHARACTER_SET_RESULTS */;
/*!40101 SET COLLATION_CONNECTION=@OLD_COLLATION_CONNECTION */;
